input_id,affinity_affinity_pred_value,affinity_affinity_pred_value1,affinity_affinity_pred_value2,affinity_affinity_probability_binary,affinity_affinity_probability_binary1,affinity_affinity_probability_binary2,confidence_complex_ipde,confidence_complex_iplddt,confidence_complex_pde,confidence_complex_plddt,confidence_confidence_score,confidence_iptm,confidence_ligand_iptm,confidence_protein_iptm,confidence_ptm
b4_000,1.0493228435516357,0.7486342191696167,1.3500113487243652,0.11522901803255081,0.10600189119577408,0.12445614486932755,2.502045154571533,0.6993743181228638,0.9566769599914551,0.7531664967536926,0.7724089622497559,0.8493788242340088,0.8493788242340088,0.0,0.828427791595459
b4_004,1.0839554071426392,1.269821286201477,0.8980894684791565,0.16960135102272034,0.20467805862426758,0.1345246434211731,4.395294189453125,0.6096912622451782,1.4885520935058594,0.7326158881187439,0.7214868664741516,0.6769706606864929,0.6769706606864929,0.0,0.6983972191810608
b4_008,-0.07452550530433655,-1.0898536443710327,0.9408026337623596,0.4201045036315918,0.7216858267784119,0.11852315068244934,4.0916523933410645,0.7232170104980469,1.5992217063903809,0.7418685555458069,0.7533775568008423,0.7994133234024048,0.7994133234024048,0.0,0.6611676216125488
b4_012,0.8432769775390625,0.2374105453491211,1.449143409729004,0.10307586193084717,0.07614557445049286,0.13000614941120148,4.089969635009766,0.7261635661125183,1.5608863830566406,0.761825680732727,0.7651829719543457,0.7786120176315308,0.7786120176315308,0.0,0.6751686334609985
b4_016,1.5160555839538574,1.1858583688735962,1.846252679824829,0.18265089392662048,0.13390277326107025,0.23139899969100952,4.610836029052734,0.7062152624130249,1.2747396230697632,0.757319450378418,0.7434970140457153,0.6882072687149048,0.6882072687149048,0.0,0.7705234289169312
b4_020,1.0854039192199707,0.6360757350921631,1.5347321033477783,0.12168867886066437,0.13576781749725342,0.10760953277349472,4.556637763977051,0.7100604176521301,1.7281157970428467,0.7345531582832336,0.7410150766372681,0.7668625116348267,0.7668625116348267,0.0,0.6369683146476746
b4_024,1.162698745727539,0.9204099774360657,1.4049875736236572,0.3063499331474304,0.3285219669342041,0.28417786955833435,4.4865336418151855,0.731959342956543,1.6092572212219238,0.7420468926429749,0.7542934417724609,0.8032796382904053,0.8032796382904053,0.0,0.6759534478187561
b4_028,1.2881275415420532,1.3005398511886597,1.2757152318954468,0.23191212117671967,0.1731339395046234,0.2906903028488159,2.7687509059906006,0.7276495099067688,1.1265323162078857,0.7695791721343994,0.7904464602470398,0.8739157915115356,0.8739157915115356,0.0,0.7788381576538086
b4_032,0.5260353088378906,-0.15548580884933472,1.2075563669204712,0.36478108167648315,0.40921711921691895,0.32034507393836975,3.138887882232666,0.7476320862770081,1.0396977663040161,0.7807683944702148,0.7877265214920044,0.815558910369873,0.815558910369873,0.0,0.8304471373558044
b4_036,-0.1411508321762085,-0.17111070454120636,-0.11119095981121063,0.22756406664848328,0.2520482540130615,0.20307989418506622,3.124164342880249,0.7980390191078186,1.1440763473510742,0.784394383430481,0.7852755784988403,0.7888002991676331,0.7888002991676331,0.0,0.786880373954773
b4_040,1.515624761581421,1.3380632400512695,1.6931864023208618,0.18458637595176697,0.21566343307495117,0.15350933372974396,1.7297227382659912,0.816169261932373,1.414377212524414,0.7776169180870056,0.7988250851631165,0.8836578130722046,0.8836578130722046,0.0,0.6800800561904907
b4_044,1.5881366729736328,1.8082596063613892,1.368013620376587,0.11315107345581055,0.078858382999897,0.1474437713623047,3.257453203201294,0.7829033136367798,1.3272199630737305,0.7680997848510742,0.7846663594245911,0.8509325981140137,0.8509325981140137,0.0,0.7446627616882324
b4_048,0.2953501343727112,-0.5600713491439819,1.1507716178894043,0.08357542753219604,0.06214619055390358,0.10500466823577881,3.166581630706787,0.7055977582931519,1.0750724077224731,0.7707342505455017,0.7790515422821045,0.8123207688331604,0.8123207688331604,0.0,0.8164941668510437
b4_052,1.026713252067566,0.6598314642906189,1.3935950994491577,0.47190943360328674,0.7078890204429626,0.23592983186244965,3.4026124477386475,0.7652499675750732,1.2728707790374756,0.7858628034591675,0.7849803566932678,0.7814505100250244,0.7814505100250244,0.0,0.7534518837928772
b4_056,0.28065088391304016,0.09558890759944916,0.46571287512779236,0.3942299783229828,0.4546457529067993,0.33381420373916626,2.6944684982299805,0.7820319533348083,1.2615694999694824,0.7816736102104187,0.7999605536460876,0.873108446598053,0.873108446598053,0.0,0.7540728449821472
b4_060,0.5386750102043152,-0.03436226397752762,1.1117123365402222,0.3804738521575928,0.4606899917125702,0.30025774240493774,5.909428119659424,0.60383141040802,1.8945128917694092,0.7199988961219788,0.6781008243560791,0.5105084776878357,0.5105084776878357,0.0,0.6350573301315308
b4_064,0.7635723352432251,0.49651676416397095,1.030627965927124,0.17946481704711914,0.14850687980651855,0.21042276918888092,5.229113578796387,0.640698254108429,1.869455337524414,0.735021710395813,0.7225791215896606,0.6728086471557617,0.6728086471557617,0.0,0.6559132933616638
b4_068,0.5183723568916321,-0.06892085820436478,1.1056655645370483,0.19935670495033264,0.2525373101234436,0.14617608487606049,4.105094909667969,0.6445430517196655,1.4564120769500732,0.719616174697876,0.7290282845497131,0.766676664352417,0.766676664352417,0.0,0.690631628036499
b4_072,0.5467897057533264,0.8546482920646667,0.23893114924430847,0.26194024085998535,0.3278767168521881,0.19600379467010498,1.696755051612854,0.7967473268508911,1.437874674797058,0.747114360332489,0.7808511853218079,0.915798544883728,0.915798544883728,0.0,0.6487802863121033
b4_076,0.6077417135238647,1.3659687042236328,-0.15048521757125854,0.1713828444480896,0.21559420228004456,0.12717150151729584,3.098470687866211,0.6574256420135498,1.0724023580551147,0.7622881531715393,0.7701419591903687,0.8015570044517517,0.8015570044517517,0.0,0.8174417614936829
b4_080,1.6156105995178223,1.2850837707519531,1.9461373090744019,0.4598349332809448,0.44695571064949036,0.4727141857147217,2.0321900844573975,0.5864542722702026,0.87176913022995,0.7373618483543396,0.762447714805603,0.862791121006012,0.862791121006012,0.0,0.8439226746559143
b4_084,0.48315906524658203,0.19712308049201965,0.769195020198822,0.4362635612487793,0.39022552967071533,0.48230159282684326,1.5409619808197021,0.7341648936271667,1.2878196239471436,0.7774398922920227,0.7979532480239868,0.8800066709518433,0.8800066709518433,0.0,0.7157236337661743
b4_088,0.6291860342025757,0.22775578498840332,1.030616283416748,0.3330128788948059,0.4095572829246521,0.2564685046672821,1.7397851943969727,0.8248166441917419,1.3895760774612427,0.7470064759254456,0.7783230543136597,0.9035891890525818,0.9035891890525818,0.0,0.6512599587440491
b4_092,1.8379015922546387,2.1543173789978027,1.5214858055114746,0.2040129154920578,0.15403559803962708,0.2539902329444885,3.7233235836029053,0.7006291151046753,1.2856262922286987,0.7591649889945984,0.7615774869918823,0.7712274193763733,0.7712274193763733,0.0,0.7646925449371338
b4_096,-0.06596027314662933,-0.5543681383132935,0.4224475920200348,0.0856834352016449,0.028739264234900475,0.14262761175632477,3.3588004112243652,0.6037634015083313,0.8766710162162781,0.7613338828086853,0.7410932183265686,0.660130500793457,0.660130500793457,0.0,0.8640698194503784
b4_100,2.126246452331543,1.6581319570541382,2.5943610668182373,0.30810171365737915,0.44808006286621094,0.16812337934970856,4.759675979614258,0.7617287039756775,1.475049614906311,0.7700739502906799,0.762283444404602,0.731121301651001,0.731121301651001,0.0,0.7169710993766785
b4_104,1.4013792276382446,1.2943545579910278,1.5084038972854614,0.18367046117782593,0.15312689542770386,0.2142140418291092,4.833680629730225,0.7228637337684631,1.2986335754394531,0.7963602542877197,0.7674036026000977,0.6515770554542542,0.6515770554542542,0.0,0.7354309558868408
b4_108,0.1872526854276657,-0.09425663203001022,0.46876201033592224,0.14178897440433502,0.1985856145620346,0.08499233424663544,4.204484462738037,0.6906636953353882,1.4613600969314575,0.7517510652542114,0.7533293962478638,0.7596427202224731,0.7596427202224731,0.0,0.7166128754615784
b4_112,-1.0154191255569458,-1.244913935661316,-0.7859242558479309,0.5669662356376648,0.8195918798446655,0.31434062123298645,4.04391622543335,0.6816275119781494,1.221455454826355,0.7309161424636841,0.732828676700592,0.7404786944389343,0.7404786944389343,0.0,0.8018473386764526
b4_116,2.0874276161193848,2.012467384338379,2.1623876094818115,0.031302064657211304,0.03595203906297684,0.026652086526155472,4.088542938232422,0.742132306098938,1.5242419242858887,0.7627955079078674,0.7581526041030884,0.7395808696746826,0.7395808696746826,0.0,0.6952052712440491
b4_120,1.2521182298660278,1.0629284381866455,1.4413080215454102,0.29243940114974976,0.3031263053417206,0.2817525267601013,1.4708096981048584,0.8184496760368347,1.0898493528366089,0.7843751311302185,0.800071656703949,0.8628575205802917,0.8628575205802917,0.0,0.7380719780921936
b4_124,0.869117796421051,0.9356817007064819,0.8025538921356201,0.4126864969730377,0.42659878730773926,0.3987742066383362,3.44697642326355,0.7325604557991028,1.4503381252288818,0.746381402015686,0.7628049254417419,0.8284987807273865,0.8284987807273865,0.0,0.6760409474372864
b4_128,1.6247551441192627,1.5090250968933105,1.7404851913452148,0.22094422578811646,0.21988174319267273,0.22200670838356018,2.9162540435791016,0.7526089549064636,0.9844127297401428,0.7726954817771912,0.7815373539924622,0.8169047236442566,0.8169047236442566,0.0,0.8416048288345337
b4_132,1.4142848253250122,1.6688382625579834,1.159731388092041,0.37525883316993713,0.41244110465049744,0.33807656168937683,4.695725440979004,0.4881548285484314,1.8893028497695923,0.6791723966598511,0.6803392171859741,0.6850063800811768,0.6850063800811768,0.0,0.6268171072006226
b4_136,1.5483479499816895,1.6413216590881348,1.4553742408752441,0.20234054327011108,0.1311761885881424,0.2735048830509186,4.812732696533203,0.5618849992752075,1.71250319480896,0.733513593673706,0.712903618812561,0.630463719367981,0.630463719367981,0.0,0.651215672492981
b4_140,0.31198230385780334,0.23687466979026794,0.38708993792533875,0.07280756533145905,0.07870177179574966,0.06691335886716843,4.242537975311279,0.6622970104217529,1.3967430591583252,0.7674462795257568,0.7586643099784851,0.7235364317893982,0.7235364317893982,0.0,0.7570399045944214
b4_144,1.3425047397613525,1.0560438632965088,1.6289656162261963,0.20609986782073975,0.19606073200702667,0.216139018535614,2.454252243041992,0.5690778493881226,0.9540704488754272,0.7529839277267456,0.7575964331626892,0.7760465145111084,0.7760465145111084,0.0,0.8264700770378113
b4_148,1.2419323921203613,1.4316327571868896,1.0522319078445435,0.38230177760124207,0.5652629137039185,0.19934064149856567,3.679969072341919,0.6808125972747803,1.307775616645813,0.7563377618789673,0.755142331123352,0.7503604888916016,0.7503604888916016,0.0,0.7597545981407166
b4_152,-0.92469722032547,-0.8171855211257935,-1.0322089195251465,0.08003217726945877,0.011082921177148819,0.14898143708705902,1.2292568683624268,0.8087566494941711,0.5368481874465942,0.8159135580062866,0.8292102217674255,0.8823968172073364,0.8823968172073364,0.0,0.9043196439743042
b4_156,0.7152875661849976,0.25950857996940613,1.1710665225982666,0.11689458787441254,0.12013266235589981,0.11365652084350586,2.6513254642486572,0.7160208225250244,1.0118058919906616,0.74471515417099,0.758563220500946,0.8139553070068359,0.8139553070068359,0.0,0.8055585622787476
b4_160,1.548340082168579,0.9967978000640869,2.0998823642730713,0.16262191534042358,0.14321595430374146,0.1820278912782669,4.142712116241455,0.6789377331733704,1.406990885734558,0.7633528709411621,0.7446606755256653,0.6698917150497437,0.6698917150497437,0.0,0.711083710193634
b4_164,0.9342318773269653,0.6368921995162964,1.2315715551376343,0.2030114233493805,0.2486460655927658,0.15737676620483398,2.9470138549804688,0.7030437588691711,1.309679388999939,0.7664604187011719,0.7793192267417908,0.8307541608810425,0.8307541608810425,0.0,0.7456603050231934
b4_168,0.16833168268203735,-0.12378610670566559,0.4604494869709015,0.17650751769542694,0.13408681750297546,0.21892821788787842,4.689994812011719,0.6741653084754944,1.6443792581558228,0.7401447892189026,0.7475051283836365,0.7769466042518616,0.7769466042518616,0.0,0.7025200128555298
b4_172,0.40155747532844543,0.3788136839866638,0.42430126667022705,0.41377171874046326,0.5516314506530762,0.27591198682785034,2.9278972148895264,0.7199720144271851,1.3887814283370972,0.7620058655738831,0.7694905996322632,0.7994294762611389,0.7994294762611389,0.0,0.7062698602676392
b4_176,0.9047622084617615,1.0810863971710205,0.7284380197525024,0.3816119432449341,0.3931184709072113,0.37010541558265686,4.35712194442749,0.48417168855667114,1.6108815670013428,0.7003797888755798,0.6964805722236633,0.680883526802063,0.680883526802063,0.0,0.635977566242218
b4_180,1.0588245391845703,0.9190994501113892,1.1985496282577515,0.32394731044769287,0.47301509976387024,0.1748795211315155,3.525275945663452,0.7613528370857239,1.4436250925064087,0.7777465581893921,0.7851791977882385,0.8149097561836243,0.8149097561836243,0.0,0.6895059943199158
b4_184,0.6889044642448425,0.050480917096138,1.3273279666900635,0.37364569306373596,0.5084530711174011,0.238838329911232,1.6038439273834229,0.8164021372795105,1.0839787721633911,0.8011901378631592,0.8194312453269958,0.8923956751823425,0.8923956751823425,0.0,0.747952401638031
b4_188,1.0811893939971924,1.0948981046676636,1.0674805641174316,0.4475945234298706,0.48730146884918213,0.4078875780105591,3.9360270500183105,0.6783977150917053,1.2930471897125244,0.7584758400917053,0.7653138637542725,0.792665958404541,0.792665958404541,0.0,0.7202944755554199
b4_001,1.1100525856018066,1.1999080181121826,1.0201972723007202,0.4848170876502991,0.7272112965583801,0.2424228936433792,2.8003175258636475,0.7561393976211548,1.015277624130249,0.7880145907402039,0.7985924482345581,0.8409038186073303,0.8409038186073303,0.0,0.818327009677887
b4_005,1.524749755859375,1.5214929580688477,1.5280064344406128,0.11159339547157288,0.11931739002466202,0.10386939346790314,3.09312105178833,0.7826815247535706,1.307131290435791,0.7869843244552612,0.797366738319397,0.8388962149620056,0.8388962149620056,0.0,0.744189977645874
b4_009,1.5215450525283813,1.2494524717330933,1.7936376333236694,0.15197764337062836,0.1184137761592865,0.18554151058197021,1.3153643608093262,0.8229348659515381,1.4343563318252563,0.7746714353561401,0.8001622557640076,0.902125358581543,0.902125358581543,0.0,0.6634687185287476
b4_013,0.6682049036026001,0.5671771764755249,0.7692326903343201,0.10785271227359772,0.13044779002666473,0.0852576270699501,3.826550245285034,0.7545216083526611,1.2625842094421387,0.7893025875091553,0.7779285311698914,0.7324321866035461,0.7324321866035461,0.0,0.7825700640678406
b4_017,2.583073139190674,2.38576602935791,2.7803804874420166,0.12337016314268112,0.11196170747280121,0.13477861881256104,2.819944143295288,0.7839735150337219,0.8492661714553833,0.793639063835144,0.803310215473175,0.8419946432113647,0.8419946432113647,0.0,0.86580890417099
b4_021,0.7664744853973389,0.20344868302345276,1.3295003175735474,0.21727657318115234,0.25033777952194214,0.18421538174152374,1.5820701122283936,0.8275771141052246,0.8714879751205444,0.7872541546821594,0.8084623217582703,0.8932952284812927,0.8932952284812927,0.0,0.8345250487327576
b4_025,0.2505148649215698,0.3075662851333618,0.19346344470977783,0.12395066022872925,0.117622010409832,0.1302793025970459,3.9982621669769287,0.7573531270027161,1.5304858684539795,0.7649999856948853,0.7584437131881714,0.7322184443473816,0.7322184443473816,0.0,0.6733565926551819
b4_029,1.1270452737808228,1.3758338689804077,0.878256618976593,0.14961346983909607,0.1097070574760437,0.18951989710330963,3.2742788791656494,0.7775887250900269,1.2519378662109375,0.7875201106071472,0.787126362323761,0.7855511903762817,0.7855511903762817,0.0,0.7333640456199646
b4_033,2.264143228530884,2.158541679382324,2.3697447776794434,0.12511399388313293,0.11010297387838364,0.14012500643730164,4.027835369110107,0.8111506700515747,1.3535079956054688,0.7889851331710815,0.7944867610931396,0.8164933323860168,0.8164933323860168,0.0,0.744949221611023
b4_037,0.09814111888408661,0.05194386839866638,0.14433836936950684,0.15733185410499573,0.16033607721328735,0.1543276309967041,2.561546564102173,0.7318252921104431,0.9100848436355591,0.7604595422744751,0.7779884338378906,0.8481040596961975,0.8481040596961975,0.0,0.8614815473556519
b4_041,1.410545825958252,1.1690897941589355,1.652001976966858,0.12392479926347733,0.12454336136579514,0.12330623716115952,6.031498432159424,0.68255615234375,1.7673020362854004,0.7383408546447754,0.696559727191925,0.5294351577758789,0.5294351577758789,0.0,0.624583899974823
b4_045,0.9643254280090332,0.7507762312889099,1.1778745651245117,0.2791019678115845,0.1763487309217453,0.38185518980026245,4.569021224975586,0.727483868598938,1.461911916732788,0.7625104784965515,0.7455846071243286,0.6778809428215027,0.6778809428215027,0.0,0.6942052245140076
b4_049,0.43213021755218506,0.4511807858943939,0.4130796492099762,0.2013458013534546,0.13700945675373077,0.2656821310520172,2.3896048069000244,0.7688130736351013,1.5199421644210815,0.7499090433120728,0.7744899988174438,0.8728138208389282,0.8728138208389282,0.0,0.6534554362297058
b4_053,0.7115405201911926,0.5859010219573975,0.8371800184249878,0.1953524649143219,0.20267221331596375,0.18803271651268005,4.078985691070557,0.6824294328689575,1.5003305673599243,0.7494525909423828,0.7558335065841675,0.7813571095466614,0.7813571095466614,0.0,0.6733649373054504
b4_057,0.7209084630012512,-0.10736849159002304,1.5491853952407837,0.19033943116664886,0.16870135068893433,0.2119775116443634,4.873383045196533,0.674461305141449,1.589134693145752,0.7543549537658691,0.7297713160514832,0.6314367651939392,0.6314367651939392,0.0,0.6997092962265015
b4_061,2.126842737197876,1.848046898841858,2.4056386947631836,0.12436540424823761,0.17086033523082733,0.07787046581506729,2.138463258743286,0.7976593375205994,0.7889519929885864,0.8057813048362732,0.8194964528083801,0.8743571043014526,0.8743571043014526,0.0,0.8721286058425903
b4_065,1.2432700395584106,1.5154085159301758,0.9711315631866455,0.1055784672498703,0.07484578341245651,0.13631115853786469,1.592368245124817,0.8076993823051453,1.401625394821167,0.7626420259475708,0.7950054407119751,0.9244590401649475,0.9244590401649475,0.0,0.6662607789039612
b4_069,0.8943727016448975,0.6756202578544617,1.113125205039978,0.5078449845314026,0.6155807971954346,0.4001091420650482,1.7190132141113281,0.7866528630256653,1.2659363746643066,0.7627507448196411,0.7878974676132202,0.8884842395782471,0.8884842395782471,0.0,0.7084529399871826
b4_073,1.7433140277862549,1.3369853496551514,2.1496427059173584,0.5278892517089844,0.775070071220398,0.2807084023952484,2.7599661350250244,0.583326518535614,0.988220751285553,0.7768913507461548,0.7774521708488464,0.7796956300735474,0.7796956300735474,0.0,0.7954889535903931
b4_077,0.929376482963562,0.8553515076637268,1.003401517868042,0.24546605348587036,0.23289014399051666,0.25804194808006287,1.3813964128494263,0.7950040102005005,0.9603875279426575,0.768961489200592,0.8025197982788086,0.9367529153823853,0.9367529153823853,0.0,0.8002141714096069
b4_081,1.1676982641220093,1.2779412269592285,1.05745530128479,0.46925634145736694,0.5081830620765686,0.4303296208381653,1.1781431436538696,0.844677209854126,1.0918645858764648,0.7894971370697021,0.8143369555473328,0.9136962294578552,0.9136962294578552,0.0,0.720077633857727
b4_085,0.8990576267242432,1.0428721904754639,0.7552431225776672,0.09136838465929031,0.11154190450906754,0.07119486480951309,2.8498952388763428,0.7157697081565857,0.9363394379615784,0.7636595368385315,0.7723445892333984,0.807084858417511,0.807084858417511,0.0,0.8530305027961731
b4_089,-0.13527140021324158,-0.27037328481674194,-0.00016951188445091248,0.42095839977264404,0.5542104244232178,0.2877063751220703,3.762737512588501,0.7474343180656433,1.4382838010787964,0.7622935771942139,0.7745748162269592,0.8236996531486511,0.8236996531486511,0.0,0.7145000696182251
b4_093,0.35992005467414856,0.1949954777956009,0.5248446464538574,0.4157600402832031,0.5196179747581482,0.31190207600593567,2.2076656818389893,0.7818251848220825,1.4858745336532593,0.7601672410964966,0.7820574641227722,0.8696181178092957,0.8696181178092957,0.0,0.6501546502113342
b4_097,-0.3717852234840393,-0.8991445899009705,0.15557415783405304,0.3455512225627899,0.574131429195404,0.11697102338075638,1.7014836072921753,0.7481605410575867,0.636267364025116,0.7745276689529419,0.8007544875144958,0.9056617021560669,0.9056617021560669,0.0,0.9189446568489075
b4_101,1.7138111591339111,1.321253776550293,2.1063685417175293,0.2048996090888977,0.1678752899169922,0.24192394316196442,4.412903785705566,0.7727707028388977,1.5043013095855713,0.7746458053588867,0.7706803679466248,0.7548184394836426,0.7548184394836426,0.0,0.7090720534324646
b4_105,1.569465160369873,1.927872657775879,1.2110576629638672,0.33090460300445557,0.3454930782318115,0.316316157579422,2.071497917175293,0.8137593865394592,1.1499501466751099,0.7966458201408386,0.8211148381233215,0.9189907312393188,0.9189907312393188,0.0,0.7624523639678955
b4_109,0.70246821641922,-0.3642973005771637,1.7692337036132812,0.3009115159511566,0.4182645380496979,0.18355850875377655,2.9391939640045166,0.7361318469047546,1.1567022800445557,0.7843193411827087,0.7953956723213196,0.8397008180618286,0.8397008180618286,0.0,0.771811842918396
b4_113,0.6522719860076904,0.607633650302887,0.6969103813171387,0.4906077980995178,0.5263086557388306,0.4549069106578827,2.4515511989593506,0.7138148546218872,0.9010769128799438,0.7673539519309998,0.7724026441574097,0.7925973534584045,0.7925973534584045,0.0,0.8407943844795227
b4_117,0.690472424030304,0.6900879740715027,0.6908568739891052,0.3135225772857666,0.5378891229629517,0.08915600925683975,2.9601526260375977,0.7092560529708862,1.2454110383987427,0.7461811304092407,0.7683863639831543,0.8572072982788086,0.8572072982788086,0.0,0.7443331480026245
b4_121,0.9411121606826782,0.8594410419464111,1.0227832794189453,0.4221283495426178,0.38590824604034424,0.45834845304489136,4.10338020324707,0.5316924452781677,1.323026180267334,0.7382352948188782,0.717805802822113,0.6360878944396973,0.6360878944396973,0.0,0.7413319945335388
b4_125,0.3323286771774292,0.5981015563011169,0.06655581295490265,0.11453671753406525,0.06587035208940506,0.16320307552814484,3.478736400604248,0.7226791381835938,1.347928762435913,0.7297447323799133,0.7576216459274292,0.8691291213035583,0.8691291213035583,0.0,0.6966490745544434
b4_129,1.0753123760223389,0.8411145806312561,1.3095101118087769,0.20342490077018738,0.17619667947292328,0.23065310716629028,4.056752681732178,0.6953248977661133,1.5203206539154053,0.7471423745155334,0.7473392486572266,0.7481266260147095,0.7481266260147095,0.0,0.6834733486175537
b4_133,1.6965925693511963,1.4725382328033447,1.9206467866897583,0.24336060881614685,0.2471294105052948,0.2395918220281601,4.191052436828613,0.6200610399246216,1.4030457735061646,0.7381119132041931,0.7471349239349365,0.7832269668579102,0.7832269668579102,0.0,0.7314950823783875
b4_137,1.2049219608306885,1.2863136529922485,1.1235302686691284,0.14244921505451202,0.1308681219816208,0.15403030812740326,3.9213833808898926,0.6928027868270874,1.100362777709961,0.7622338533401489,0.7543622255325317,0.7228755354881287,0.7228755354881287,0.0,0.8329004645347595
b4_141,0.6924809813499451,0.5228258371353149,0.8621361255645752,0.6218650341033936,0.6929271221160889,0.5508028864860535,4.257857799530029,0.607285737991333,1.212775468826294,0.7457746267318726,0.7339608073234558,0.6867054104804993,0.6867054104804993,0.0,0.7898682355880737
b4_145,0.6591370105743408,0.02589358389377594,1.292380452156067,0.15680769085884094,0.13677068054676056,0.17684470117092133,4.27208948135376,0.7002944946289062,1.373619556427002,0.7465243935585022,0.7487030625343323,0.7574177384376526,0.7574177384376526,0.0,0.7693981528282166
b4_149,2.0038881301879883,1.5516544580459595,2.4561216831207275,0.2340986430644989,0.24976681172847748,0.21843048930168152,4.164666652679443,0.7683095335960388,1.3953348398208618,0.7804225087165833,0.7748876810073853,0.7527481913566589,0.7527481913566589,0.0,0.7365290522575378
b4_153,0.2063443511724472,0.18514356017112732,0.2275451421737671,0.24957072734832764,0.3709706664085388,0.12817080318927765,2.352501153945923,0.6299182176589966,0.9560431838035583,0.7350346446037292,0.7552742958068848,0.8362329006195068,0.8362329006195068,0.0,0.8291134238243103
b4_157,0.9558855295181274,0.8104140162467957,1.1013569831848145,0.541388750076294,0.6272117495536804,0.45556578040122986,3.6901040077209473,0.6504894495010376,1.6966371536254883,0.7216413021087646,0.7150939702987671,0.6889045238494873,0.6889045238494873,0.0,0.630607008934021
b4_161,0.8941970467567444,0.6602716445922852,1.1281224489212036,0.06869324296712875,0.0717930942773819,0.06559339165687561,2.724104404449463,0.6216325759887695,1.1673067808151245,0.7374444603919983,0.755917489528656,0.8298096656799316,0.8298096656799316,0.0,0.7639566659927368
b4_165,0.47201380133628845,-0.2075297236442566,1.1515573263168335,0.3046993613243103,0.19810761511325836,0.41129112243652344,5.379559516906738,0.4875907599925995,1.6060699224472046,0.708078920841217,0.6960874199867249,0.6481212973594666,0.6481212973594666,0.0,0.6614981293678284
b4_169,1.195399522781372,1.2229793071746826,1.167819619178772,0.1597108393907547,0.15452688932418823,0.16489478945732117,4.212414741516113,0.6249183416366577,1.7687894105911255,0.7216077446937561,0.7172704935073853,0.6999213099479675,0.6999213099479675,0.0,0.6347463726997375
b4_173,0.39778417348861694,-0.3382648527622223,1.1338331699371338,0.10728427767753601,0.16094520688056946,0.05362334102392197,3.292147636413574,0.7348656058311462,1.5755846500396729,0.7480268478393555,0.7605507373809814,0.8106463551521301,0.8106463551521301,0.0,0.6633602380752563
b4_177,0.7001857757568359,0.9253963828086853,0.47497519850730896,0.4757245182991028,0.6085456013679504,0.34290340542793274,2.1109158992767334,0.8047951459884644,0.8105521202087402,0.7731298804283142,0.7988742589950562,0.9018517136573792,0.9018517136573792,0.0,0.8728715181350708
b4_181,1.1948838233947754,1.452317237854004,0.9374502897262573,0.11484496295452118,0.10657569766044617,0.12311423569917679,1.6654813289642334,0.7810570597648621,1.4000600576400757,0.7564753890037537,0.7879118919372559,0.9136579036712646,0.9136579036712646,0.0,0.6721463799476624
b4_185,-0.17768427729606628,-0.45688802003860474,0.10151946544647217,0.41895148158073425,0.4328455924987793,0.4050573706626892,1.6424219608306885,0.823543131351471,1.297132968902588,0.7555277347564697,0.790496826171875,0.9303732514381409,0.9303732514381409,0.0,0.7023541331291199
b4_189,1.0127031803131104,0.9831122159957886,1.0422942638397217,0.14372804760932922,0.1489882618188858,0.13846784830093384,3.2539029121398926,0.6454821825027466,1.0814170837402344,0.7410967946052551,0.7471588253974915,0.7714069485664368,0.7714069485664368,0.0,0.8162238597869873
b4_002,1.124855637550354,0.6413266658782959,1.608384609222412,0.5023736357688904,0.7301307320594788,0.2746165692806244,3.4283039569854736,0.6685272455215454,1.491294026374817,0.7583829164505005,0.7605471014976501,0.7692036032676697,0.7692036032676697,0.0,0.6958386301994324
b4_006,1.016987919807434,0.9398790597915649,1.0940967798233032,0.28543466329574585,0.25244832038879395,0.31842100620269775,3.3957433700561523,0.6121546030044556,1.67038893699646,0.7307659983634949,0.7292888760566711,0.723380446434021,0.723380446434021,0.0,0.6500298380851746
b4_010,0.20620670914649963,-0.7458098530769348,1.158223271369934,0.6694302558898926,0.8535314798355103,0.4853290021419525,4.252328395843506,0.6639299988746643,1.7081102132797241,0.7363678216934204,0.7472115755081177,0.7905864715576172,0.7905864715576172,0.0,0.6513605117797852
b4_014,1.401690125465393,1.361915111541748,1.441465139389038,0.15542170405387878,0.15518023073673248,0.15566317737102509,3.6004528999328613,0.7395693063735962,1.3679404258728027,0.7701489925384521,0.7638337016105652,0.738572359085083,0.738572359085083,0.0,0.6918250918388367
b4_018,1.4288303852081299,1.343700885772705,1.5139600038528442,0.18625369668006897,0.15798404812812805,0.21452336013317108,3.048973560333252,0.7902991771697998,1.4002255201339722,0.7704877257347107,0.7899345755577087,0.8677218556404114,0.8677218556404114,0.0,0.7026805281639099
b4_022,0.49571365118026733,0.14783771336078644,0.8435896039009094,0.3699573874473572,0.49641796946525574,0.24349680542945862,2.001532793045044,0.8121705055236816,1.2339706420898438,0.7533003091812134,0.7739146947860718,0.856372058391571,0.856372058391571,0.0,0.7250393033027649
b4_026,1.1472647190093994,1.0108506679534912,1.2836787700653076,0.4886905550956726,0.5722949504852295,0.4050861895084381,5.153896808624268,0.6263626217842102,1.6442744731903076,0.7380396723747253,0.7075573205947876,0.5856277346611023,0.5856277346611023,0.0,0.6785045266151428
b4_030,0.35932379961013794,-0.190439373254776,0.9090869426727295,0.2784985899925232,0.28200581669807434,0.27499139308929443,4.067279815673828,0.7997203469276428,1.3317170143127441,0.7788699269294739,0.7856280207633972,0.812660276889801,0.812660276889801,0.0,0.7795656323432922
b4_034,1.2505452632904053,1.0494370460510254,1.4516534805297852,0.11276927590370178,0.08415985852479935,0.14137868583202362,4.20424222946167,0.6531304121017456,1.4559653997421265,0.7560538649559021,0.7425239682197571,0.6884044408798218,0.6884044408798218,0.0,0.6807295083999634
b4_038,1.0098488330841064,0.4849940538406372,1.5347037315368652,0.24427342414855957,0.21018894016742706,0.27835792303085327,4.865320682525635,0.6950569152832031,1.658504843711853,0.7318252921104431,0.7336937189102173,0.7411671876907349,0.7411671876907349,0.0,0.6372081637382507
b4_042,1.0140661001205444,0.8455251455307007,1.1826070547103882,0.4026823937892914,0.6106868386268616,0.19467796385288239,3.9011893272399902,0.7628034949302673,1.3867156505584717,0.7810431122779846,0.7839971780776978,0.7958133816719055,0.7958133816719055,0.0,0.7045052647590637
b4_046,0.7633943557739258,0.5110141634941101,1.0157744884490967,0.21124310791492462,0.17032361030578613,0.2521626055240631,5.876039028167725,0.5742690563201904,1.7333731651306152,0.7048059105873108,0.7057148814201355,0.7093508839607239,0.7093508839607239,0.0,0.629165768623352
b4_050,0.42830735445022583,-0.41751620173454285,1.274130940437317,0.2322980910539627,0.12568819522857666,0.33890798687934875,3.8648738861083984,0.6244771480560303,1.4001063108444214,0.710340142250061,0.7364727854728699,0.8410031199455261,0.8410031199455261,0.0,0.6887179613113403
b4_054,0.6535567045211792,0.22613361477851868,1.080979824066162,0.27286815643310547,0.19485291838645935,0.3508833646774292,0.9767321944236755,0.8396434783935547,1.2224433422088623,0.7710535526275635,0.8088181614875793,0.9598763585090637,0.9598763585090637,0.0,0.6997742056846619
b4_058,1.2266684770584106,1.2589330673217773,1.194403886795044,0.3159601092338562,0.38244444131851196,0.24947574734687805,3.987412214279175,0.5324636697769165,1.5835660696029663,0.7148433923721313,0.704862117767334,0.6649369597434998,0.6649369597434998,0.0,0.6637797355651855
b4_062,0.8455439805984497,0.5014837384223938,1.1896041631698608,0.27259016036987305,0.36210042238235474,0.18307992815971375,6.4837565422058105,0.5926966667175293,1.6600334644317627,0.7420710921287537,0.6797652244567871,0.4305417239665985,0.4305417239665985,0.0,0.6859376430511475
b4_066,0.4568752646446228,0.6261141300201416,0.287636399269104,0.4461580514907837,0.6147667765617371,0.2775493562221527,3.680816173553467,0.7365771532058716,1.3555256128311157,0.7681481242179871,0.776375949382782,0.8092871308326721,0.8092871308326721,0.0,0.7456468939781189
b4_070,0.27968651056289673,0.14338143169879913,0.4159916043281555,0.1730336844921112,0.06904347985982895,0.27702388167381287,2.8744072914123535,0.5497873425483704,0.9644321203231812,0.7089336514472961,0.731100857257843,0.8197696805000305,0.8197696805000305,0.0,0.8172938823699951
b4_074,2.1325528621673584,1.6418824195861816,2.623223304748535,0.5231873989105225,0.6857499480247498,0.3606248199939728,4.813666343688965,0.7211013436317444,1.1857832670211792,0.7820989489555359,0.7584196329116821,0.6637021899223328,0.6637021899223328,0.0,0.7877753973007202
b4_078,1.0990188121795654,0.7077140808105469,1.4903236627578735,0.19277310371398926,0.12723548710346222,0.2583107352256775,2.010462522506714,0.7862281203269958,1.0821179151535034,0.7789035439491272,0.8024321794509888,0.8965464234352112,0.8965464234352112,0.0,0.7770694494247437
b4_082,1.2962439060211182,1.1869983673095703,1.4054895639419556,0.4492667317390442,0.6592656373977661,0.23926784098148346,4.697457313537598,0.7377438545227051,1.608633041381836,0.7593716979026794,0.7650358080863953,0.7876920104026794,0.7876920104026794,0.0,0.7046431303024292
b4_086,0.4683672785758972,0.8951451182365417,0.041589442640542984,0.24357128143310547,0.17033620178699493,0.3168063759803772,2.7520861625671387,0.6066163778305054,1.2624872922897339,0.7225717306137085,0.7459092140197754,0.8392590880393982,0.8392590880393982,0.0,0.7289646863937378
b4_090,1.162861704826355,1.0109317302703857,1.3147916793823242,0.14653977751731873,0.19627530872821808,0.09680423885583878,3.732875347137451,0.7233012318611145,1.3308417797088623,0.7692316770553589,0.7685801386833191,0.7659741640090942,0.7659741640090942,0.0,0.7410603761672974
b4_094,0.3485558331012726,0.24369725584983826,0.4534144103527069,0.5013423562049866,0.4942006766796112,0.5084840059280396,1.4615447521209717,0.8086747527122498,1.1079620122909546,0.7874971032142639,0.8094442486763,0.8972325921058655,0.8972325921058655,0.0,0.7545660138130188
b4_098,0.5456794500350952,0.06359874457120895,1.0277601480484009,0.1280461847782135,0.1525975614786148,0.10349482297897339,2.6832315921783447,0.7818278074264526,1.2764939069747925,0.7705461382865906,0.7812618613243103,0.8241246938705444,0.8241246938705444,0.0,0.7400146126747131
b4_102,1.5718953609466553,1.421279788017273,1.7225110530853271,0.5157698392868042,0.5562563538551331,0.47528332471847534,3.0853965282440186,0.7928662300109863,1.4884769916534424,0.7447872161865234,0.7717186212539673,0.8794442415237427,0.8794442415237427,0.0,0.683870792388916
b4_106,1.3578585386276245,1.2428604364395142,1.4728566408157349,0.2401098757982254,0.133895605802536,0.3463241457939148,3.8892335891723633,0.6947612762451172,1.4555871486663818,0.7266067862510681,0.7370973825454712,0.7790595293045044,0.7790595293045044,0.0,0.713558554649353
b4_110,0.8592945337295532,1.0671155452728271,0.6514735221862793,0.3903689980506897,0.4189654290676117,0.3617725372314453,4.158411502838135,0.5773701071739197,1.7483582496643066,0.7267957329750061,0.7148380279541016,0.6670071482658386,0.6670071482658386,0.0,0.6383858323097229
b4_114,0.41874414682388306,0.14989426732063293,0.6875940561294556,0.18869587779045105,0.2548564076423645,0.1225353330373764,1.7071479558944702,0.8057265281677246,1.1059926748275757,0.7947770357131958,0.8009195327758789,0.8254892826080322,0.8254892826080322,0.0,0.724737823009491
b4_118,0.773666501045227,0.08275989443063736,1.4645731449127197,0.14099028706550598,0.04763847962021828,0.23434209823608398,4.700162410736084,0.6809687614440918,1.4029430150985718,0.741549015045166,0.7296139001846313,0.6818733215332031,0.6818733215332031,0.0,0.7063862085342407
b4_122,0.8201702237129211,1.5035258531570435,0.13681457936763763,0.418681263923645,0.42800793051719666,0.40935462713241577,1.3542416095733643,0.7970041036605835,1.0232006311416626,0.7960570454597473,0.8178378343582153,0.9049608707427979,0.9049608707427979,0.0,0.7550610303878784
b4_126,0.3618896007537842,0.41169705986976624,0.3120821416378021,0.08335636556148529,0.10897067934274673,0.05774204432964325,1.7153733968734741,0.7747830152511597,0.8333378434181213,0.7931044101715088,0.8118230700492859,0.8866977095603943,0.8866977095603943,0.0,0.8443210124969482
b4_130,0.7326951622962952,0.2998410165309906,1.1655492782592773,0.14049352705478668,0.10476750880479813,0.17621955275535583,2.836671829223633,0.7524660229682922,1.0037263631820679,0.7570200562477112,0.7780058979988098,0.8619493246078491,0.8619493246078491,0.0,0.834368884563446
b4_134,0.9299324750900269,0.36504602432250977,1.494818925857544,0.35411834716796875,0.43397390842437744,0.27426278591156006,3.5635719299316406,0.6370307207107544,1.2298496961593628,0.7282735705375671,0.7395918965339661,0.7848650813102722,0.7848650813102722,0.0,0.7830681204795837
b4_138,0.0918470099568367,0.38686197996139526,-0.20316796004772186,0.13204151391983032,0.12599091231822968,0.13809213042259216,3.47119402885437,0.6044204235076904,1.3098903894424438,0.7255038022994995,0.7382731437683105,0.7893505692481995,0.7893505692481995,0.0,0.7344552278518677
b4_142,0.42061352729797363,-0.024880722165107727,0.8661077618598938,0.5431084036827087,0.5846162438392639,0.5016005635261536,2.516948938369751,0.7308090329170227,0.8753002882003784,0.7564378380775452,0.7792608141899109,0.8705527782440186,0.8705527782440186,0.0,0.8649176955223083
b4_146,0.619887113571167,0.18368026614189148,1.0560939311981201,0.42152851819992065,0.5211288928985596,0.3219281733036041,3.281977891921997,0.6472283005714417,1.4282692670822144,0.7290748953819275,0.7502049803733826,0.8347254395484924,0.8347254395484924,0.0,0.7022177577018738
b4_150,2.5303053855895996,2.1709694862365723,2.889641523361206,0.12792569398880005,0.11021077632904053,0.14564061164855957,4.228612899780273,0.7595803141593933,1.499111294746399,0.7671760320663452,0.761025071144104,0.7364209890365601,0.7364209890365601,0.0,0.7243022918701172
b4_154,1.1527619361877441,0.9742031097412109,1.331320881843567,0.5351494550704956,0.7579874992370605,0.31231141090393066,4.5271687507629395,0.7663378119468689,1.5912648439407349,0.7713950276374817,0.764560878276825,0.737224280834198,0.737224280834198,0.0,0.6851199269294739
b4_158,0.9403266906738281,0.8723857402801514,1.0082676410675049,0.27730846405029297,0.3029029965400696,0.25171396136283875,3.0257818698883057,0.698853611946106,1.1102521419525146,0.7703287601470947,0.7815670967102051,0.8265203833580017,0.8265203833580017,0.0,0.8065318465232849
b4_162,-0.2061942219734192,-0.38926345109939575,-0.023124977946281433,0.1590040922164917,0.09056705236434937,0.22744114696979523,5.542564392089844,0.4717752933502197,1.6077461242675781,0.6933959722518921,0.6944073438644409,0.6984527111053467,0.6984527111053467,0.0,0.6575055718421936
b4_166,0.28514987230300903,-0.19681952893733978,0.767119288444519,0.1723640263080597,0.19989129900932312,0.14483673870563507,4.462213039398193,0.7030726075172424,1.6700068712234497,0.7461464405059814,0.7402187585830688,0.7165077924728394,0.7165077924728394,0.0,0.6636773943901062
b4_170,0.4421042203903198,-0.14288018643856049,1.0270886421203613,0.26482388377189636,0.37491708993911743,0.1547306627035141,2.303455352783203,0.7458817362785339,1.3289921283721924,0.7749347686767578,0.780450165271759,0.8025118112564087,0.8025118112564087,0.0,0.7205946445465088
b4_174,0.7654634118080139,0.2961399257183075,1.234786868095398,0.16669729351997375,0.17396022379398346,0.15943434834480286,3.488654851913452,0.7403554916381836,1.2257364988327026,0.7613997459411621,0.7696623206138611,0.8027127385139465,0.8027127385139465,0.0,0.7832059860229492
b4_178,-0.3273029923439026,-0.663078784942627,0.008472772315144539,0.29656803607940674,0.4124453067779541,0.18069075047969818,2.380831241607666,0.66232830286026,0.8557313084602356,0.7497305274009705,0.7782077789306641,0.8921167850494385,0.8921167850494385,0.0,0.8553740382194519
b4_182,2.3384346961975098,2.4175853729248047,2.259284019470215,0.3596315383911133,0.3757036030292511,0.3435594439506531,4.929229259490967,0.7175718545913696,1.346073865890503,0.7629940509796143,0.7520577311515808,0.7083122134208679,0.7083122134208679,0.0,0.7455764412879944
b4_186,1.3494219779968262,1.304329514503479,1.3945143222808838,0.5208112001419067,0.575930118560791,0.46569228172302246,3.551285982131958,0.48728877305984497,1.2909914255142212,0.722129225730896,0.7187519073486328,0.7052426934242249,0.7052426934242249,0.0,0.7100712060928345
b4_190,0.8300620317459106,0.6392138600349426,1.0209101438522339,0.6311798691749573,0.7820220589637756,0.48033764958381653,3.235445022583008,0.7194137573242188,1.0442407131195068,0.7923764586448669,0.7846457958221436,0.75372314453125,0.75372314453125,0.0,0.7626729011535645
b4_003,1.2227437496185303,1.0871065855026245,1.358380913734436,0.2709866166114807,0.4083426296710968,0.13363061845302582,3.249444007873535,0.6572485566139221,1.4678388833999634,0.7594815492630005,0.764268696308136,0.7834173440933228,0.7834173440933228,0.0,0.7084848880767822
b4_007,0.8600013256072998,0.4553951621055603,1.264607548713684,0.14880993962287903,0.13377000391483307,0.16384989023208618,2.1213386058807373,0.7944375872612,0.8099081516265869,0.7868147492408752,0.8004164099693298,0.8548227548599243,0.8548227548599243,0.0,0.8569747805595398
b4_011,1.449339747428894,1.308017611503601,1.590661883354187,0.38633111119270325,0.45994123816490173,0.31272098422050476,4.623638153076172,0.7110573649406433,1.4657891988754272,0.7648600935935974,0.7607690691947937,0.7444047927856445,0.7444047927856445,0.0,0.7258542776107788
b4_015,0.10326819866895676,-0.05087755620479584,0.25741395354270935,0.33993545174598694,0.2925604581832886,0.3873104453086853,3.991694450378418,0.7706196308135986,1.4910389184951782,0.7653468251228333,0.763700544834137,0.757115364074707,0.757115364074707,0.0,0.6860053539276123
b4_019,0.8099035024642944,0.4511324167251587,1.1686745882034302,0.27003324031829834,0.18504610657691956,0.3550204038619995,2.2153210639953613,0.5925085544586182,0.9336326718330383,0.759595513343811,0.776642918586731,0.8448323607444763,0.8448323607444763,0.0,0.801784098148346
b4_023,1.3443548679351807,1.2387126684188843,1.449997067451477,0.3219608962535858,0.24857614934444427,0.39534562826156616,3.9719784259796143,0.5742147564888,1.5914217233657837,0.7301991581916809,0.7239183783531189,0.6987951993942261,0.6987951993942261,0.0,0.6604478359222412
b4_027,1.6700778007507324,1.5592989921569824,1.7808564901351929,0.14659184217453003,0.16738130152225494,0.1258023977279663,2.2534596920013428,0.7295979261398315,0.7972884774208069,0.762100100517273,0.7768523693084717,0.8358615040779114,0.8358615040779114,0.0,0.8856911063194275
b4_031,-0.04526970535516739,-0.28392231464385986,0.19338290393352509,0.2172127664089203,0.27550479769706726,0.1589207500219345,3.6171231269836426,0.7153279781341553,1.336639404296875,0.7405685782432556,0.7490790486335754,0.7831207513809204,0.7831207513809204,0.0,0.7525030374526978
b4_035,0.4981531500816345,-0.26246464252471924,1.2587709426879883,0.09542017430067062,0.09334718436002731,0.09749316424131393,5.076433181762695,0.7135846614837646,1.707641839981079,0.740341305732727,0.7443163394927979,0.760216474533081,0.760216474533081,0.0,0.6684979200363159
b4_039,0.77617347240448,0.7509940266609192,0.801352858543396,0.14278191328048706,0.14866933226585388,0.13689447939395905,3.55352520942688,0.7401856184005737,1.3592276573181152,0.7431312203407288,0.7728489637374878,0.8917197585105896,0.8917197585105896,0.0,0.7570936679840088
b4_043,1.2491998672485352,1.24941086769104,1.2489889860153198,0.27493059635162354,0.31571486592292786,0.23414631187915802,3.9069786071777344,0.628852903842926,1.0581066608428955,0.7606558799743652,0.7515882849693298,0.7153179049491882,0.7153179049491882,0.0,0.8237912058830261
b4_047,0.4025149643421173,-0.02173008769750595,0.8267599940299988,0.18557924032211304,0.17184984683990479,0.1993086189031601,3.588809013366699,0.7545885443687439,1.0519208908081055,0.7852647304534912,0.7794567942619324,0.7562249302864075,0.7562249302864075,0.0,0.8211444020271301
b4_051,-0.02986091375350952,-0.6129404306411743,0.5532186031341553,0.28644388914108276,0.4036268889904022,0.1692608892917633,3.2244651317596436,0.48249638080596924,1.114707112312317,0.7084117531776428,0.708136260509491,0.7070342898368835,0.7070342898368835,0.0,0.7906278967857361
b4_055,0.9558892846107483,0.8568304777145386,1.054948091506958,0.41224223375320435,0.5945274829864502,0.2299569845199585,1.1074448823928833,0.78633713722229,1.0132200717926025,0.7699702382087708,0.8058581352233887,0.9494098424911499,0.9494098424911499,0.0,0.785036027431488
b4_059,1.3354549407958984,1.0932351350784302,1.5776747465133667,0.22689354419708252,0.22985485196113586,0.22393225133419037,3.5254411697387695,0.680138111114502,1.103021264076233,0.7600070238113403,0.7599517703056335,0.7597305178642273,0.7597305178642273,0.0,0.8210371732711792
b4_063,1.4973554611206055,1.134812831878662,1.8598982095718384,0.09796418994665146,0.05412794649600983,0.1418004333972931,5.425434112548828,0.6340708136558533,1.7753093242645264,0.7233791351318359,0.7004994750022888,0.6089809536933899,0.6089809536933899,0.0,0.6347039937973022
b4_067,1.4751365184783936,2.2135400772094727,0.7367329001426697,0.297601580619812,0.24245686829090118,0.35274627804756165,3.193835735321045,0.7441330552101135,1.2778924703598022,0.7683917284011841,0.7814757227897644,0.8338117003440857,0.8338117003440857,0.0,0.7290178537368774
b4_071,0.2746143937110901,-0.13040533661842346,0.6796340942382812,0.10874280333518982,0.17179597914218903,0.04568963125348091,2.195038080215454,0.7696906328201294,1.0793250799179077,0.7695829272270203,0.7922925353050232,0.8831310868263245,0.8831310868263245,0.0,0.7902456521987915
b4_075,0.508210301399231,0.5812323093414307,0.4351882338523865,0.43455255031585693,0.25616052746772766,0.6129446029663086,1.5647579431533813,0.7109622955322266,0.7488009929656982,0.7098258137702942,0.749732255935669,0.9093579649925232,0.9093579649925232,0.0,0.8638285994529724
b4_079,-0.011386796832084656,0.1026669442653656,-0.1254405379295349,0.3238203525543213,0.2396513968706131,0.4079893231391907,2.1634280681610107,0.8196808695793152,1.4598172903060913,0.7651432752609253,0.7923903465270996,0.9013787508010864,0.9013787508010864,0.0,0.6619158387184143
b4_083,1.025219440460205,1.0258265733718872,1.0246121883392334,0.1465560793876648,0.09884286671876907,0.19426928460597992,3.0664870738983154,0.6013224124908447,1.169803261756897,0.7602943778038025,0.7627636790275574,0.7726409435272217,0.7726409435272217,0.0,0.7582605481147766
b4_087,1.1195409297943115,1.4418165683746338,0.7972652912139893,0.23077046871185303,0.277511864900589,0.18402908742427826,2.441284656524658,0.768436074256897,0.8623706698417664,0.751479983329773,0.7734044790267944,0.8611024022102356,0.8611024022102356,0.0,0.8627502918243408
b4_091,0.8208343982696533,0.6977930068969727,0.943875789642334,0.1997222602367401,0.25038301944732666,0.14906150102615356,3.911529302597046,0.7622527480125427,1.3186182975769043,0.7693463563919067,0.7766688466072083,0.8059588074684143,0.8059588074684143,0.0,0.7509093284606934
b4_095,-0.85821133852005,-1.4887785911560059,-0.22764411568641663,0.38148370385169983,0.5650731325149536,0.19789426028728485,3.3382155895233154,0.7359130382537842,1.3439795970916748,0.7559217214584351,0.7714784741401672,0.8337054252624512,0.8337054252624512,0.0,0.7569816708564758
b4_099,0.03515103459358215,-0.8124098777770996,0.8827119469642639,0.5469019412994385,0.8471832871437073,0.24662059545516968,3.0206520557403564,0.6830956935882568,1.0748927593231201,0.7407104969024658,0.7553676962852478,0.8139965534210205,0.8139965534210205,0.0,0.8158107399940491
b4_103,0.3466048240661621,-0.23065108060836792,0.9238607287406921,0.14597129821777344,0.1726568192243576,0.11928579211235046,3.6793899536132812,0.6790859699249268,1.0151325464248657,0.7677319645881653,0.7479315400123596,0.6687297821044922,0.6687297821044922,0.0,0.8116376996040344
b4_107,0.8251098990440369,-0.05885623022913933,1.7090760469436646,0.17286843061447144,0.17635245621204376,0.1693844199180603,3.815621852874756,0.6639696955680847,1.3897312879562378,0.7614953517913818,0.7549577951431274,0.7288075089454651,0.7288075089454651,0.0,0.7017498016357422
b4_111,1.6606571674346924,1.567741870880127,1.7535724639892578,0.12104587256908417,0.08285249024629593,0.1592392474412918,1.7130950689315796,0.8169419169425964,1.1652040481567383,0.7886530160903931,0.8145233988761902,0.9180048704147339,0.9180048704147339,0.0,0.7352530360221863
b4_115,0.23768341541290283,0.3975326418876648,0.07783420383930206,0.25502145290374756,0.16338595747947693,0.3466569483280182,0.8409509062767029,0.8298950791358948,0.8055569529533386,0.7957750558853149,0.8232275247573853,0.9330371618270874,0.9330371618270874,0.0,0.8136350512504578
b4_119,0.051724813878536224,0.1351180374622345,-0.03166841343045235,0.3998297452926636,0.6099388599395752,0.18972066044807434,4.889679908752441,0.5595223307609558,1.674210786819458,0.6928485631942749,0.6878420114517212,0.6678156852722168,0.6678156852722168,0.0,0.6760746836662292
b4_123,0.9669133424758911,0.6882185339927673,1.2456080913543701,0.378133624792099,0.38967931270599365,0.36658793687820435,1.5048668384552002,0.7510225176811218,0.7708314657211304,0.7406796813011169,0.7694897651672363,0.8847301006317139,0.8847301006317139,0.0,0.8536041975021362
b4_127,1.5493264198303223,1.4759411811828613,1.6227116584777832,0.1293516308069229,0.07792838662862778,0.18077488243579865,2.9969773292541504,0.6056629419326782,1.301656723022461,0.7369924187660217,0.7427405118942261,0.7657327055931091,0.7657327055931091,0.0,0.7383065819740295
b4_131,1.2885876893997192,0.8096481561660767,1.7675272226333618,0.14572113752365112,0.08494646847248077,0.20649580657482147,4.555113792419434,0.7611393928527832,1.6492516994476318,0.7423182725906372,0.7574238777160645,0.8178462982177734,0.8178462982177734,0.0,0.6676561832427979
b4_135,1.3240330219268799,1.2409453392028809,1.4071205854415894,0.3929893672466278,0.476733922958374,0.3092448115348816,3.754491090774536,0.6481547951698303,1.2387686967849731,0.7665315270423889,0.7579800486564636,0.723774254322052,0.723774254322052,0.0,0.7344626784324646
b4_139,0.5287535190582275,-0.3316548466682434,1.3891618251800537,0.1439496874809265,0.188980832695961,0.09891854971647263,1.4950593709945679,0.75772625207901,0.8317686915397644,0.7450687289237976,0.7843711972236633,0.9415809512138367,0.9415809512138367,0.0,0.8321816325187683
b4_143,1.2944188117980957,1.0249807834625244,1.5638569593429565,0.13671518862247467,0.07975795120000839,0.19367243349552155,2.3839282989501953,0.7380848526954651,0.8072465062141418,0.7679511308670044,0.7874318361282349,0.865354597568512,0.865354597568512,0.0,0.8814437389373779
b4_147,0.8038126826286316,0.48509681224823,1.1225285530090332,0.6316402554512024,0.7963460087776184,0.4669345021247864,3.3524293899536133,0.7758227586746216,1.2171781063079834,0.7865504026412964,0.793945848941803,0.8235275149345398,0.8235275149345398,0.0,0.784168004989624
b4_151,0.7693606615066528,0.5928049087524414,0.9459164142608643,0.5177223682403564,0.6530362367630005,0.3824085593223572,2.6141457557678223,0.7967817187309265,1.4730044603347778,0.7777076959609985,0.7979292869567871,0.878815770149231,0.878815770149231,0.0,0.6728930473327637
b4_155,1.216423511505127,0.9401116967201233,1.4927352666854858,0.2477419078350067,0.1479332000017166,0.3475506007671356,3.9842934608459473,0.6444737911224365,1.328842043876648,0.754364550113678,0.7368655204772949,0.6668693423271179,0.6668693423271179,0.0,0.7464882731437683
b4_159,-0.18589314818382263,-0.7955538630485535,0.4237675666809082,0.06776556372642517,0.10617992281913757,0.02935120090842247,4.550950527191162,0.6926572322845459,1.3910510540008545,0.7611722946166992,0.7381612658500671,0.646117091178894,0.646117091178894,0.0,0.7216210961341858
b4_163,0.700147271156311,0.349051296710968,1.0512431859970093,0.23298639059066772,0.1819804161787033,0.28399235010147095,3.5802600383758545,0.5853045582771301,1.348649501800537,0.7231037020683289,0.7484070062637329,0.8496201634407043,0.8496201634407043,0.0,0.6916110515594482
b4_167,0.8961939811706543,0.5549458861351013,1.2374420166015625,0.16323786973953247,0.23074136674404144,0.0957343801856041,2.965935707092285,0.7593572735786438,1.0580447912216187,0.7640957832336426,0.7694650888442993,0.7909422516822815,0.7909422516822815,0.0,0.8044314384460449
b4_171,1.0550673007965088,1.187572717666626,0.9225620031356812,0.35555195808410645,0.36436691880226135,0.34673699736595154,2.3175463676452637,0.7349543571472168,0.9398620128631592,0.7945414781570435,0.8078880310058594,0.8612741827964783,0.8612741827964783,0.0,0.8137284517288208
b4_175,1.4601361751556396,1.181343674659729,1.7389287948608398,0.1484769880771637,0.1406923085451126,0.15626166760921478,4.649996280670166,0.7335194945335388,1.6740922927856445,0.7529979944229126,0.751645028591156,0.7462331056594849,0.7462331056594849,0.0,0.6624346375465393
b4_179,0.4284314513206482,-0.39518845081329346,1.2520513534545898,0.3115907609462738,0.3809008300304413,0.24228067696094513,2.204298496246338,0.7816897034645081,1.3438563346862793,0.7781912684440613,0.7887935042381287,0.831202507019043,0.831202507019043,0.0,0.7116142511367798
b4_183,1.0964597463607788,0.8782981038093567,1.3146213293075562,0.5505514144897461,0.661800742149353,0.43930208683013916,5.890130043029785,0.6277516484260559,1.9196542501449585,0.7298153638839722,0.7048091888427734,0.6047844290733337,0.6047844290733337,0.0,0.6240012049674988
b4_187,1.2083277702331543,0.8483657836914062,1.568289875984192,0.46389663219451904,0.5687612295150757,0.35903200507164,4.031389236450195,0.661395251750946,1.3086109161376953,0.7478908896446228,0.7452033162117004,0.7344530820846558,0.7344530820846558,0.0,0.7655024528503418
b4_191,0.8999544382095337,0.7484585642814636,1.051450252532959,0.26460692286491394,0.2576635479927063,0.2715502977371216,3.4830245971679688,0.49798378348350525,1.0989203453063965,0.7368965148925781,0.7235259413719177,0.6700435280799866,0.6700435280799866,0.0,0.7773950099945068
