id,source,affinity_pred_value,prob_binary,confidence
ONS,round0_known,-1.8150708675384521,0.9659343957901001,0.9683119654655457
K5K,round0_known,-1.787034273147583,0.9501336216926575,0.9702744483947754
c2_K5K,ensemble_c2,-1.647695541381836,0.9405254125595093,0.9626935124397278
b2_067,tamgen_b2,-1.5869896411895752,0.3293900787830353,0.9547228217124939
r2b2_164,tamgen_b2_round2,-1.5491714477539062,0.39046338200569153,0.9561174511909485
b1_096,tamgen_b1,-1.0256869792938232,0.10761888325214386,0.9310397505760193
ONV,round0_known,-1.0162416696548462,0.812230110168457,0.9661033749580383
b1_095,tamgen_b1,-0.8468053340911865,0.13164837658405304,0.9434444308280945
b1_025,tamgen_b1,-0.8098475933074951,0.19060206413269043,0.9402696490287781
r2b2_226,tamgen_b2_round2,-0.7335152626037598,0.13141115009784698,0.908494770526886
c2_b1_058,ensemble_c2,-0.7300844788551331,0.2264937311410904,0.9252743124961853
r2b2_349,tamgen_b2_round2,-0.7082414031028748,0.4888801574707031,0.9457236528396606
b2_145,tamgen_b2,-0.6988700032234192,0.7545665502548218,0.9583190083503723
b1_029,tamgen_b1,-0.6976767182350159,0.30976709723472595,0.9384458661079407
b2_030,tamgen_b2,-0.6744711399078369,0.37891340255737305,0.9310088157653809
r2b2_107,tamgen_b2_round2,-0.6627544164657593,0.3666127324104309,0.9398501515388489
b2_020,tamgen_b2,-0.6524216532707214,0.39056938886642456,0.9399553537368774
b1_058,tamgen_b1,-0.6478667855262756,0.2854033410549164,0.934306263923645
b1_023,tamgen_b1,-0.6358590722084045,0.08810093998908997,0.9438058733940125
b1_077,tamgen_b1,-0.6173239946365356,0.14303359389305115,0.9301549196243286
b1_104,tamgen_b1,-0.6082617044448853,0.038152918219566345,0.8881850242614746
b1_115,tamgen_b1,-0.5648853778839111,0.05171217396855354,0.9268175363540649
b1_118,tamgen_b1,-0.5594058036804199,0.07943537086248398,0.9278600811958313
r2b2_285,tamgen_b2_round2,-0.5592502951622009,0.31821560859680176,0.9203709959983826
b2_053,tamgen_b2,-0.5534313321113586,0.3649219274520874,0.9320114254951477
b2_151,tamgen_b2,-0.5472779870033264,0.3748498558998108,0.933575451374054
r2b2_044,tamgen_b2_round2,-0.4984227418899536,0.707210898399353,0.9616789817810059
c2_b1_112,ensemble_c2,-0.49585744738578796,0.31817567348480225,0.9278650283813477
b1_107,tamgen_b1,-0.49302202463150024,0.09655959904193878,0.9265646934509277
b1_083,tamgen_b1,-0.4916241765022278,0.16431710124015808,0.951624870300293
c2_b1_009,ensemble_c2,-0.4909706115722656,0.2611275017261505,0.9501768350601196
r2b2_338,tamgen_b2_round2,-0.48836320638656616,0.1644625961780548,0.9225627779960632
b1_051,tamgen_b1,-0.47709378600120544,0.49886053800582886,0.9447268843650818
r2b2_344,tamgen_b2_round2,-0.4746913015842438,0.076179638504982,0.9496747851371765
b1_122,tamgen_b1,-0.4588906466960907,0.10021165013313293,0.8946709036827087
b1_005,tamgen_b1,-0.3913865387439728,0.5875423550605774,0.9608527421951294
b2_011,tamgen_b2,-0.3740672469139099,0.6841108202934265,0.961077868938446
r2b2_105,tamgen_b2_round2,-0.36987003684043884,0.4557980000972748,0.9196264147758484
b1_112,tamgen_b1,-0.3681473135948181,0.2790403962135315,0.9306134581565857
b1_027,tamgen_b1,-0.36711299419403076,0.41464799642562866,0.9251209497451782
b1_019,tamgen_b1,-0.353092759847641,0.10348378866910934,0.9560579657554626
b1_082,tamgen_b1,-0.34587419033050537,0.11254727840423584,0.9404012560844421
b1_103,tamgen_b1,-0.34183984994888306,0.08228330314159393,0.9158458113670349
b1_087,tamgen_b1,-0.341100811958313,0.1297776848077774,0.946178138256073
b1_086,tamgen_b1,-0.33454757928848267,0.06600601971149445,0.959834098815918
r2b2_153,tamgen_b2_round2,-0.3339669108390808,0.19207856059074402,0.9361329078674316
b1_040,tamgen_b1,-0.3291918635368347,0.39887258410453796,0.9244904518127441
b2_165,tamgen_b2,-0.3066539466381073,0.5628829598426819,0.9467625617980957
r2b2_293,tamgen_b2_round2,-0.2910059094429016,0.5712510347366333,0.9193882942199707
b1_137,tamgen_b1,-0.2899037003517151,0.10475117713212967,0.9469056129455566
b2_024,tamgen_b2,-0.2887871265411377,0.13483889400959015,0.9559621810913086
b1_129,tamgen_b1,-0.27806800603866577,0.32761308550834656,0.9260225296020508
r2b2_363,tamgen_b2_round2,-0.2704993784427643,0.4280230402946472,0.9461793899536133
tg_011,tamgen_round1,-0.2674734592437744,0.4747779667377472,0.9214048385620117
r2b2_336,tamgen_b2_round2,-0.26290324330329895,0.6194313168525696,0.9102997183799744
c2_r2_028,ensemble_c2,-0.2345038205385208,0.2916676700115204,0.9608944058418274
b1_120,tamgen_b1,-0.22400864958763123,0.13869813084602356,0.910344123840332
b1_021,tamgen_b1,-0.2222968488931656,0.1094910278916359,0.9453506469726562
b2_003,tamgen_b2,-0.21697726845741272,0.35873693227767944,0.9503136873245239
r2b2_141,tamgen_b2_round2,-0.21271908283233643,0.11836312711238861,0.9403392672538757
b1_002,tamgen_b1,-0.21120673418045044,0.21075351536273956,0.9466962218284607
c2_b1_045,ensemble_c2,-0.20685124397277832,0.35445499420166016,0.9536690711975098
r2b2_403,tamgen_b2_round2,-0.20217102766036987,0.7127920389175415,0.9449190497398376
r2b2_329,tamgen_b2_round2,-0.2011706531047821,0.2917526364326477,0.9447494745254517
b2_138,tamgen_b2,-0.1956043392419815,0.44716677069664,0.9478344321250916
r2b2_228,tamgen_b2_round2,-0.19310402870178223,0.6282168626785278,0.9539082646369934
r2b2_397,tamgen_b2_round2,-0.18476271629333496,0.1615385264158249,0.95000821352005
r2b2_011,tamgen_b2_round2,-0.17847925424575806,0.3981897532939911,0.9469988942146301
b2_093,tamgen_b2,-0.17805823683738708,0.15190692245960236,0.9247186779975891
r2b2_370,tamgen_b2_round2,-0.1777333915233612,0.31416183710098267,0.9365684390068054
b1_098,tamgen_b1,-0.1760513037443161,0.5258684754371643,0.958011269569397
b1_075,tamgen_b1,-0.1639944463968277,0.2549842596054077,0.9349061250686646
b1_128,tamgen_b1,-0.16335168480873108,0.12583547830581665,0.9494644403457642
b1_017,tamgen_b1,-0.15283286571502686,0.1464485377073288,0.9597020149230957
c2_b1_128,ensemble_c2,-0.14926931262016296,0.1348898708820343,0.9553932547569275
b1_026,tamgen_b1,-0.14450843632221222,0.3571928143501282,0.9497645497322083
b2_163,tamgen_b2,-0.13606765866279602,0.2798615097999573,0.9455022215843201
c2_b1_051,ensemble_c2,-0.1332579255104065,0.5068068504333496,0.9594923257827759
r2b2_325,tamgen_b2_round2,-0.12562872469425201,0.10737794637680054,0.9414043426513672
b1_111,tamgen_b1,-0.1114366427063942,0.2808860242366791,0.955731987953186
b1_127,tamgen_b1,-0.09770238399505615,0.34103429317474365,0.9504625201225281
b1_079,tamgen_b1,-0.09753330051898956,0.13732443749904633,0.9457103610038757
b2_107,tamgen_b2,-0.09222018718719482,0.40124815702438354,0.9176523089408875
r2b2_345,tamgen_b2_round2,-0.09145566076040268,0.4697414040565491,0.9380288124084473
b2_164,tamgen_b2,-0.08974838256835938,0.13961872458457947,0.9459251761436462
b2_015,tamgen_b2,-0.08720563352108002,0.19724947214126587,0.9660606384277344
c2_b1_005,ensemble_c2,-0.08249038457870483,0.5576186180114746,0.9568514227867126
r2b2_281,tamgen_b2_round2,-0.07872649282217026,0.1959812343120575,0.9451762437820435
b1_045,tamgen_b1,-0.07488548755645752,0.5435993671417236,0.9422961473464966
b2_127,tamgen_b2,-0.05930769443511963,0.3259802460670471,0.9524257779121399
c2_b1_026,ensemble_c2,-0.058239154517650604,0.25483906269073486,0.9570788741111755
r2b2_383,tamgen_b2_round2,-0.05790337920188904,0.240252286195755,0.913550078868866
r2b2_254,tamgen_b2_round2,-0.0573766827583313,0.14773498475551605,0.9249063730239868
r2_028,tamgen_round2,-0.05299733579158783,0.26667121052742004,0.9570390582084656
b1_125,tamgen_b1,-0.04871824383735657,0.19559627771377563,0.953354001045227
r2b2_354,tamgen_b2_round2,-0.04700938239693642,0.5995246171951294,0.935490071773529
r2b2_140,tamgen_b2_round2,-0.04339300096035004,0.1849116086959839,0.9424660801887512
b1_119,tamgen_b1,-0.04170584678649902,0.11865756660699844,0.9442353248596191
b1_116,tamgen_b1,-0.03852355480194092,0.06778185069561005,0.9414902925491333
b2_004,tamgen_b2,-0.03464698791503906,0.281496524810791,0.9467912912368774
r2b2_097,tamgen_b2_round2,-0.03432945907115936,0.4076092541217804,0.936982274055481
r2b2_083,tamgen_b2_round2,-0.0282139852643013,0.11683745682239532,0.9309240579605103
b1_114,tamgen_b1,-0.023634061217308044,0.12309801578521729,0.9134559035301208
r2b2_039,tamgen_b2_round2,-0.02221202850341797,0.19806310534477234,0.9533466696739197
r2b2_260,tamgen_b2_round2,-0.017476186156272888,0.15187355875968933,0.9633914232254028
b2_112,tamgen_b2,-0.00654524564743042,0.43930333852767944,0.8983810544013977
r2b2_041,tamgen_b2_round2,-0.002268366515636444,0.20360004901885986,0.9625687599182129
r2b2_170,tamgen_b2_round2,0.011927902698516846,0.4036538898944855,0.9209768176078796
b1_032,tamgen_b1,0.014084100723266602,0.08011187613010406,0.9535431861877441
b2_079,tamgen_b2,0.01690410077571869,0.32506415247917175,0.94802325963974
r2b2_087,tamgen_b2_round2,0.018257200717926025,0.18441122770309448,0.9456923604011536
r2b2_121,tamgen_b2_round2,0.021651268005371094,0.3970049023628235,0.9592537879943848
b1_030,tamgen_b1,0.02492646872997284,0.535243570804596,0.958315372467041
r2b2_303,tamgen_b2_round2,0.02619418501853943,0.27183249592781067,0.9302251935005188
r2b2_231,tamgen_b2_round2,0.02673603594303131,0.08378686010837555,0.9387321472167969
r2b2_188,tamgen_b2_round2,0.028254972770810127,0.08005443215370178,0.9559293985366821
r2b2_263,tamgen_b2_round2,0.028474435210227966,0.1036333292722702,0.9477373361587524
b2_099,tamgen_b2,0.03164982795715332,0.2761605381965637,0.939810574054718
r2b2_169,tamgen_b2_round2,0.032698750495910645,0.25409644842147827,0.9106703996658325
K58,round0_known,0.03515966236591339,0.8109084367752075,0.9683087468147278
b1_048,tamgen_b1,0.03521221876144409,0.23848164081573486,0.9116094708442688
c2_b1_098,ensemble_c2,0.03816026449203491,0.46903711557388306,0.9487703442573547
b1_062,tamgen_b1,0.04077064245939255,0.26437172293663025,0.9449257254600525
r2b2_309,tamgen_b2_round2,0.04174399375915527,0.24540439248085022,0.9398295283317566
b1_069,tamgen_b1,0.048110008239746094,0.39165860414505005,0.948577880859375
c2_b1_021,ensemble_c2,0.048264265060424805,0.1191987544298172,0.9505136609077454
b2_054,tamgen_b2,0.04827258363366127,0.149261474609375,0.9436237215995789
r2b2_406,tamgen_b2_round2,0.05348499119281769,0.25783950090408325,0.9303647875785828
b2_029,tamgen_b2,0.059600830078125,0.3860228657722473,0.9365121722221375
b1_035,tamgen_b1,0.05997540056705475,0.29444020986557007,0.9478892683982849
r2b2_251,tamgen_b2_round2,0.06201838701963425,0.2572191059589386,0.9364060759544373
CBR5884,round0_known,0.0696173757314682,0.6291985511779785,0.952357292175293
b2_133,tamgen_b2,0.07195209711790085,0.201087087392807,0.9535340666770935
r2b2_212,tamgen_b2_round2,0.07300136983394623,0.09674331545829773,0.9470786452293396
r2b2_057,tamgen_b2_round2,0.08092695474624634,0.2520505487918854,0.9460785984992981
b2_139,tamgen_b2,0.08223070204257965,0.4153585731983185,0.9062455296516418
c2_b2_061,ensemble_c2,0.08245609700679779,0.058014191687107086,0.9712603688240051
b2_021,tamgen_b2,0.08361437916755676,0.383443683385849,0.963458240032196
b1_080,tamgen_b1,0.0891801118850708,0.0963331013917923,0.9462797045707703
b1_046,tamgen_b1,0.09404172748327255,0.1658441722393036,0.9491576552391052
b2_057,tamgen_b2,0.09633311629295349,0.4160938560962677,0.9003826975822449
b2_159,tamgen_b2,0.09728135168552399,0.1880035698413849,0.9373960494995117
r2b2_279,tamgen_b2_round2,0.10255345702171326,0.15988412499427795,0.9338769316673279
r2b2_149,tamgen_b2_round2,0.10321341454982758,0.46546465158462524,0.9406167268753052
r2b2_193,tamgen_b2_round2,0.10655027627944946,0.23386847972869873,0.9510697722434998
b2_043,tamgen_b2,0.11136171221733093,0.20668405294418335,0.9549581408500671
b1_117,tamgen_b1,0.11447858810424805,0.08941251039505005,0.9404484033584595
r2b2_259,tamgen_b2_round2,0.11950460076332092,0.13813278079032898,0.9527080655097961
b1_020,tamgen_b1,0.11980536580085754,0.2602021396160126,0.9201076626777649
b2_026,tamgen_b2,0.12018817663192749,0.40860897302627563,0.9487301111221313
r2b2_067,tamgen_b2_round2,0.1265081912279129,0.4823164939880371,0.965033233165741
r2b2_364,tamgen_b2_round2,0.12888827919960022,0.4010557532310486,0.9489434361457825
r2b2_409,tamgen_b2_round2,0.13103275001049042,0.5877211093902588,0.9360764622688293
b2_018,tamgen_b2,0.13117122650146484,0.2526942491531372,0.9570972323417664
b1_072,tamgen_b1,0.13171543180942535,0.2415105700492859,0.9452468752861023
b2_092,tamgen_b2,0.1341497004032135,0.23493438959121704,0.9610679745674133
r2b2_368,tamgen_b2_round2,0.1391856074333191,0.2728489637374878,0.9437068104743958
b2_161,tamgen_b2,0.1397717297077179,0.11018037796020508,0.9600974321365356
r2b2_337,tamgen_b2_round2,0.14019805192947388,0.49977925419807434,0.9478273391723633
r2b2_192,tamgen_b2_round2,0.14101794362068176,0.2516382038593292,0.9493460059165955
r2b2_135,tamgen_b2_round2,0.14149078726768494,0.0635702833533287,0.9512426257133484
r2b2_326,tamgen_b2_round2,0.1488904058933258,0.4110602140426636,0.8955116271972656
b2_064,tamgen_b2,0.15153731405735016,0.4356610178947449,0.901384174823761
b2_109,tamgen_b2,0.15229381620883942,0.6118200421333313,0.9206554293632507
b2_122,tamgen_b2,0.15641766786575317,0.36199235916137695,0.944079577922821
b1_013,tamgen_b1,0.15776517987251282,0.15786930918693542,0.9592700004577637
r2b2_274,tamgen_b2_round2,0.158016636967659,0.1688755750656128,0.9531343579292297
c2_b1_116,ensemble_c2,0.1616954207420349,0.06325393915176392,0.9415916800498962
r2b2_106,tamgen_b2_round2,0.16182787716388702,0.18709403276443481,0.9415594339370728
r2b2_043,tamgen_b2_round2,0.1619957685470581,0.40670421719551086,0.931928813457489
r2b2_342,tamgen_b2_round2,0.16419805586338043,0.3194708824157715,0.880560576915741
r2b2_248,tamgen_b2_round2,0.1688036322593689,0.12600210309028625,0.9567250609397888
r2b2_297,tamgen_b2_round2,0.1695723980665207,0.31466493010520935,0.9354570508003235
b1_081,tamgen_b1,0.17142421007156372,0.2421749234199524,0.9516772627830505
b1_101,tamgen_b1,0.17330774664878845,0.20815998315811157,0.9325684905052185
r2b2_211,tamgen_b2_round2,0.1778113842010498,0.38817688822746277,0.9351184964179993
b2_007,tamgen_b2,0.1780441701412201,0.42874839901924133,0.9272701144218445
r2b2_108,tamgen_b2_round2,0.1782163679599762,0.22566553950309753,0.9208627939224243
r2b2_163,tamgen_b2_round2,0.17917507886886597,0.27186164259910583,0.9512883424758911
r2b2_284,tamgen_b2_round2,0.18599139153957367,0.47624167799949646,0.9143437743186951
r2b2_387,tamgen_b2_round2,0.1862058937549591,0.24796167016029358,0.9445714950561523
r2b2_015,tamgen_b2_round2,0.18669353425502777,0.39240747690200806,0.9515355229377747
b2_025,tamgen_b2,0.1878831684589386,0.16219164431095123,0.9482669830322266
r2b2_150,tamgen_b2_round2,0.18817569315433502,0.0887455940246582,0.8960077166557312
r2b2_189,tamgen_b2_round2,0.19211691617965698,0.15995535254478455,0.952618420124054
r2b2_136,tamgen_b2_round2,0.19327569007873535,0.08894231915473938,0.9520325660705566
b1_140,tamgen_b1,0.1940661072731018,0.21490150690078735,0.9378159642219543
r2b2_048,tamgen_b2_round2,0.19621869921684265,0.2373073697090149,0.9599502682685852
b1_006,tamgen_b1,0.1994694471359253,0.3502279222011566,0.9525704383850098
b1_076,tamgen_b1,0.19972452521324158,0.2869569659233093,0.9570183753967285
r2b2_262,tamgen_b2_round2,0.20190311968326569,0.351152241230011,0.9503868222236633
b2_072,tamgen_b2,0.203046053647995,0.5890611410140991,0.9032854437828064
b1_038,tamgen_b1,0.20430773496627808,0.22758015990257263,0.9458765983581543
r2b2_062,tamgen_b2_round2,0.20625734329223633,0.2931874394416809,0.9565573930740356
r2b2_177,tamgen_b2_round2,0.20712971687316895,0.3067232072353363,0.9469534754753113
r2b2_359,tamgen_b2_round2,0.20884932577610016,0.5280828475952148,0.93895024061203
b1_009,tamgen_b1,0.2094600647687912,0.5664932131767273,0.9571976065635681
b2_160,tamgen_b2,0.21712467074394226,0.06146666780114174,0.9524686932563782
r2_008,tamgen_round2,0.21857035160064697,0.25367239117622375,0.9546768069267273
b1_131,tamgen_b1,0.21945726871490479,0.10882686823606491,0.9385323524475098
r2b2_213,tamgen_b2_round2,0.22094780206680298,0.2380206137895584,0.948647141456604
r2b2_311,tamgen_b2_round2,0.22128823399543762,0.0779784768819809,0.9458009600639343
r2b2_341,tamgen_b2_round2,0.22196412086486816,0.26470160484313965,0.9429479837417603
r2b2_273,tamgen_b2_round2,0.2241765558719635,0.2199326753616333,0.9659045338630676
r2b2_167,tamgen_b2_round2,0.2245795875787735,0.3266606032848358,0.9528965950012207
b1_108,tamgen_b1,0.2265971302986145,0.14386773109436035,0.9462425112724304
b1_070,tamgen_b1,0.22760900855064392,0.5478298664093018,0.95635586977005
r2b2_215,tamgen_b2_round2,0.2280944585800171,0.2642548382282257,0.9329209327697754
r2b2_358,tamgen_b2_round2,0.22961190342903137,0.6087011098861694,0.9345661401748657
c2_b2_159,ensemble_c2,0.23166996240615845,0.09089496731758118,0.9675013422966003
b1_138,tamgen_b1,0.23264332115650177,0.18460264801979065,0.9326440095901489
b2_116,tamgen_b2,0.23295742273330688,0.1782619208097458,0.9223631024360657
b1_126,tamgen_b1,0.23813486099243164,0.25321224331855774,0.9388390779495239
r2b2_346,tamgen_b2_round2,0.23988616466522217,0.16470421850681305,0.9010079503059387
r2b2_064,tamgen_b2_round2,0.24311599135398865,0.10841727256774902,0.9568086862564087
tg_014,tamgen_round1,0.2452394664287567,0.3686838746070862,0.9502239227294922
b1_054,tamgen_b1,0.24868959188461304,0.42464232444763184,0.9415367245674133
r2b2_091,tamgen_b2_round2,0.25009405612945557,0.16302619874477386,0.9493724703788757
b2_097,tamgen_b2,0.2515271306037903,0.35676825046539307,0.9522868990898132
r2b2_202,tamgen_b2_round2,0.2525453567504883,0.3802056908607483,0.9593373537063599
b1_136,tamgen_b1,0.26188915967941284,0.10674025118350983,0.9261687397956848
r2b2_268,tamgen_b2_round2,0.2643607258796692,0.3766478896141052,0.9280436635017395
r2b2_025,tamgen_b2_round2,0.26703616976737976,0.26529040932655334,0.965414822101593
b1_097,tamgen_b1,0.2779179811477661,0.1701294481754303,0.9322394728660583
r2b2_171,tamgen_b2_round2,0.2787814736366272,0.2750643491744995,0.951260507106781
r2b2_119,tamgen_b2_round2,0.2797549068927765,0.3476901352405548,0.9567505717277527
r2b2_411,tamgen_b2_round2,0.27992933988571167,0.29700547456741333,0.9525527358055115
r2b2_385,tamgen_b2_round2,0.2822875678539276,0.4013693332672119,0.9415022730827332
b1_044,tamgen_b1,0.28279227018356323,0.28010329604148865,0.948475182056427
b1_047,tamgen_b1,0.2830962836742401,0.1827748417854309,0.9316864013671875
b1_109,tamgen_b1,0.2833747863769531,0.22235362231731415,0.9513927698135376
b1_078,tamgen_b1,0.2834104597568512,0.11677280068397522,0.9458519220352173
r2b2_356,tamgen_b2_round2,0.2834453880786896,0.45083969831466675,0.9466959238052368
b2_128,tamgen_b2,0.2859637439250946,0.24815461039543152,0.9494131207466125
r2b2_242,tamgen_b2_round2,0.28817158937454224,0.1458919793367386,0.9316603541374207
r2b2_093,tamgen_b2_round2,0.28824925422668457,0.1802482157945633,0.9476785063743591
r2b2_162,tamgen_b2_round2,0.2932623326778412,0.40469861030578613,0.9073559641838074
r2b2_207,tamgen_b2_round2,0.29478180408477783,0.3180334270000458,0.9289359450340271
b2_063,tamgen_b2,0.2983035743236542,0.33963969349861145,0.8928430676460266
b2_049,tamgen_b2,0.29888418316841125,0.1377314329147339,0.9523536562919617
b2_147,tamgen_b2,0.2993355393409729,0.531730592250824,0.9297280311584473
c2_b1_002,ensemble_c2,0.30064618587493896,0.18754005432128906,0.9494118094444275
r2b2_388,tamgen_b2_round2,0.3047613799571991,0.4630810022354126,0.9243683218955994
b2_129,tamgen_b2,0.3079707622528076,0.3795889914035797,0.9564652442932129
c2_r2_008,ensemble_c2,0.3097115457057953,0.25408443808555603,0.9561949968338013
r2b2_003,tamgen_b2_round2,0.3105795085430145,0.3980846405029297,0.9476043581962585
b2_071,tamgen_b2,0.31146514415740967,0.22482118010520935,0.9263002276420593
b1_105,tamgen_b1,0.31162339448928833,0.0977233499288559,0.9588861465454102
r2b2_377,tamgen_b2_round2,0.31182998418807983,0.532996416091919,0.9214286804199219
r2b2_351,tamgen_b2_round2,0.3156608045101166,0.19276191294193268,0.9243351221084595
r2b2_366,tamgen_b2_round2,0.3244631290435791,0.33095258474349976,0.9106287360191345
r2b2_223,tamgen_b2_round2,0.32613345980644226,0.27082371711730957,0.9266497492790222
r2b2_286,tamgen_b2_round2,0.33108922839164734,0.1124795600771904,0.9429265260696411
r2b2_012,tamgen_b2_round2,0.33118170499801636,0.2418116331100464,0.9630470275878906
b2_141,tamgen_b2,0.33565694093704224,0.44184553623199463,0.9506773352622986
tg_008,tamgen_round1,0.3407995104789734,0.552780032157898,0.9646096229553223
r2b2_061,tamgen_b2_round2,0.34425079822540283,0.13481596112251282,0.9560279250144958
r2b2_156,tamgen_b2_round2,0.3448299765586853,0.5365675687789917,0.9463416934013367
b2_135,tamgen_b2,0.3462742269039154,0.2659919559955597,0.9615851640701294
b2_061,tamgen_b2,0.3474971055984497,0.18874616920948029,0.942460834980011
b2_150,tamgen_b2,0.3491501212120056,0.37037792801856995,0.9299284219741821
r2b2_386,tamgen_b2_round2,0.349202036857605,0.21917566657066345,0.9523741006851196
b1_090,tamgen_b1,0.35027045011520386,0.42428070306777954,0.9371705055236816
r2b2_378,tamgen_b2_round2,0.35163211822509766,0.4882258474826813,0.9459766745567322
r2b2_310,tamgen_b2_round2,0.35250693559646606,0.47839459776878357,0.9517545700073242
r2_029,tamgen_round2,0.352780818939209,0.36735525727272034,0.9617666602134705
r2b2_050,tamgen_b2_round2,0.3535324037075043,0.29736194014549255,0.9601535201072693
r2b2_175,tamgen_b2_round2,0.3602232336997986,0.6975679397583008,0.9401039481163025
r2b2_365,tamgen_b2_round2,0.36348068714141846,0.2942081689834595,0.9453638195991516
b2_082,tamgen_b2,0.3666548728942871,0.1712574064731598,0.9449394345283508
c2_b1_094,ensemble_c2,0.3677275776863098,0.08948250114917755,0.9433307647705078
r2b2_328,tamgen_b2_round2,0.3778688311576843,0.18729299306869507,0.9396161437034607
c2_b1_140,ensemble_c2,0.3785524368286133,0.2098999321460724,0.9411857724189758
r2b2_032,tamgen_b2_round2,0.379938542842865,0.22977840900421143,0.9382579922676086
r2b2_335,tamgen_b2_round2,0.38268086314201355,0.6996130347251892,0.9132360816001892
b2_130,tamgen_b2,0.38297396898269653,0.23174232244491577,0.941625714302063
c2_b1_004,ensemble_c2,0.3839702010154724,0.3561187982559204,0.951834499835968
b2_140,tamgen_b2,0.38912397623062134,0.5288677215576172,0.9117829203605652
b1_123,tamgen_b1,0.389730840921402,0.10318735241889954,0.9392973184585571
b2_040,tamgen_b2,0.39059701561927795,0.33983540534973145,0.9290215373039246
r2b2_267,tamgen_b2_round2,0.39342835545539856,0.48980242013931274,0.932675302028656
b2_142,tamgen_b2,0.39447975158691406,0.22908174991607666,0.9456243515014648
b2_148,tamgen_b2,0.39587682485580444,0.3606404662132263,0.9486695528030396
b2_115,tamgen_b2,0.3973400890827179,0.23001103103160858,0.9448744058609009
b1_142,tamgen_b1,0.39765286445617676,0.17896388471126556,0.942112922668457
r2b2_056,tamgen_b2_round2,0.3986619710922241,0.23252040147781372,0.9220294952392578
r2b2_174,tamgen_b2_round2,0.4008488655090332,0.3368387818336487,0.9017406702041626
b2_152,tamgen_b2,0.40168747305870056,0.5288195610046387,0.9501540064811707
r2b2_233,tamgen_b2_round2,0.4041072726249695,0.5305050015449524,0.9523019790649414
r2b2_010,tamgen_b2_round2,0.40485063195228577,0.5606108903884888,0.9542228579521179
c2_b1_121,ensemble_c2,0.4103618562221527,0.19257286190986633,0.9465169310569763
b2_016,tamgen_b2,0.412666380405426,0.22379979491233826,0.952516496181488
r2b2_103,tamgen_b2_round2,0.4148179888725281,0.44607013463974,0.9378421902656555
r2b2_318,tamgen_b2_round2,0.41513946652412415,0.10460995137691498,0.9551122784614563
c2_b1_007,ensemble_c2,0.41806721687316895,0.38549351692199707,0.962151825428009
r2b2_092,tamgen_b2_round2,0.41823554039001465,0.08415921032428741,0.9371668696403503
r2b2_272,tamgen_b2_round2,0.4196214973926544,0.1990601122379303,0.9530709385871887
c2_b1_038,ensemble_c2,0.42122915387153625,0.16495245695114136,0.9405083656311035
b2_098,tamgen_b2,0.4221532940864563,0.48209285736083984,0.9281155467033386
b1_124,tamgen_b1,0.42592352628707886,0.1845298856496811,0.9546381235122681
b2_027,tamgen_b2,0.43055617809295654,0.300708144903183,0.9019458889961243
c2_b1_081,ensemble_c2,0.43667101860046387,0.23854437470436096,0.9569740295410156
b2_012,tamgen_b2,0.4376177191734314,0.4299648106098175,0.9334079623222351
r2b2_360,tamgen_b2_round2,0.4378882348537445,0.36753079295158386,0.9461790919303894
r2b2_173,tamgen_b2_round2,0.4380338490009308,0.19129857420921326,0.9527831077575684
r2b2_353,tamgen_b2_round2,0.4411638677120209,0.32938241958618164,0.920017421245575
r2b2_331,tamgen_b2_round2,0.4434153437614441,0.15910178422927856,0.9522495269775391
r2b2_160,tamgen_b2_round2,0.4445130527019501,0.15425711870193481,0.9398150444030762
r2b2_054,tamgen_b2_round2,0.44893625378608704,0.095685675740242,0.9505172967910767
r2b2_184,tamgen_b2_round2,0.4499085545539856,0.50892174243927,0.9011535048484802
b1_000,tamgen_b1,0.44998180866241455,0.5315178632736206,0.9470659494400024
b2_113,tamgen_b2,0.4523169994354248,0.3098888695240021,0.9541110992431641
b2_153,tamgen_b2,0.4528231620788574,0.33401376008987427,0.9550525546073914
b2_090,tamgen_b2,0.4536536633968353,0.22184032201766968,0.9341791272163391
r2b2_374,tamgen_b2_round2,0.45404013991355896,0.35143235325813293,0.9561904072761536
r2_007,tamgen_round2,0.45737749338150024,0.5989624261856079,0.9642942547798157
b1_043,tamgen_b1,0.45747488737106323,0.30899351835250854,0.9583526849746704
r2b2_237,tamgen_b2_round2,0.4581449627876282,0.4083706736564636,0.9503637552261353
b1_061,tamgen_b1,0.458376407623291,0.22092942893505096,0.9498535394668579
r2_003,tamgen_round2,0.45956671237945557,0.13349126279354095,0.9514297842979431
b1_099,tamgen_b1,0.4606955945491791,0.18459853529930115,0.9537097811698914
r2_067,tamgen_round2,0.4654088020324707,0.5293066501617432,0.9522804617881775
b2_119,tamgen_b2,0.46704357862472534,0.13805201649665833,0.958611011505127
b2_087,tamgen_b2,0.47001218795776367,0.22175553441047668,0.9361497759819031
r2b2_413,tamgen_b2_round2,0.4703039526939392,0.41195523738861084,0.9154955744743347
r2b2_302,tamgen_b2_round2,0.4734956622123718,0.3926156461238861,0.9347804188728333
r2b2_283,tamgen_b2_round2,0.47557076811790466,0.4605899751186371,0.9317941665649414
r2b2_053,tamgen_b2_round2,0.47631803154945374,0.3604987859725952,0.9237691164016724
tg_006,tamgen_round1,0.4791901707649231,0.36370640993118286,0.9078285098075867
c2_b2_161,ensemble_c2,0.4826178252696991,0.08759063482284546,0.9681650400161743
b1_056,tamgen_b1,0.48353633284568787,0.3102680742740631,0.953847348690033
r2b2_182,tamgen_b2_round2,0.48685646057128906,0.33796995878219604,0.9458791613578796
b2_137,tamgen_b2,0.4967607855796814,0.3010149300098419,0.8879634737968445
r2b2_046,tamgen_b2_round2,0.4998303949832916,0.14344994723796844,0.9514898657798767
r2b2_372,tamgen_b2_round2,0.5022578835487366,0.2439502477645874,0.9534149169921875
r2b2_405,tamgen_b2_round2,0.5036124587059021,0.16238781809806824,0.9636514782905579
r2b2_172,tamgen_b2_round2,0.5075011253356934,0.261417031288147,0.9372112154960632
r2b2_190,tamgen_b2_round2,0.5079925060272217,0.2294590026140213,0.9441360831260681
b2_110,tamgen_b2,0.513130247592926,0.4105067253112793,0.9491859674453735
r2b2_205,tamgen_b2_round2,0.5150299668312073,0.35743510723114014,0.9472195506095886
r2b2_126,tamgen_b2_round2,0.5167151689529419,0.25193870067596436,0.9212160110473633
b2_041,tamgen_b2,0.5235534906387329,0.35951006412506104,0.9301196336746216
b2_146,tamgen_b2,0.5248879790306091,0.4279794991016388,0.9299141764640808
r2b2_031,tamgen_b2_round2,0.5262801051139832,0.19554132223129272,0.9537690281867981
b1_106,tamgen_b1,0.5274308919906616,0.24185620248317719,0.9412016272544861
r2b2_137,tamgen_b2_round2,0.5285136699676514,0.12276288866996765,0.954930305480957
b1_100,tamgen_b1,0.5286260843276978,0.13739237189292908,0.9563738107681274
r2b2_191,tamgen_b2_round2,0.5301287770271301,0.4515087604522705,0.9484004378318787
r2b2_016,tamgen_b2_round2,0.5305109024047852,0.3257490396499634,0.9540988802909851
c2_b2_123,ensemble_c2,0.5313961505889893,0.11666060239076614,0.9486299753189087
r2b2_280,tamgen_b2_round2,0.5314309597015381,0.22567349672317505,0.9305741190910339
r2b2_052,tamgen_b2_round2,0.5323270559310913,0.24163635075092316,0.9313549995422363
r2b2_334,tamgen_b2_round2,0.5325698852539062,0.5407580733299255,0.9429036378860474
b1_016,tamgen_b1,0.5327359437942505,0.3333553671836853,0.9506848454475403
b1_015,tamgen_b1,0.5337654948234558,0.2733301520347595,0.9292739033699036
r2b2_217,tamgen_b2_round2,0.5338151454925537,0.1519472450017929,0.9155645370483398
r2b2_129,tamgen_b2_round2,0.5360722541809082,0.3718400299549103,0.954436719417572
r2_064,tamgen_round2,0.5385687351226807,0.44451409578323364,0.9054780006408691
b2_047,tamgen_b2,0.5410787463188171,0.49157270789146423,0.9440063834190369
b1_028,tamgen_b1,0.5411427617073059,0.1725904941558838,0.8975871205329895
r2b2_127,tamgen_b2_round2,0.5423771142959595,0.1996155083179474,0.9372876286506653
c2_r2_039,ensemble_c2,0.54494708776474,0.34378743171691895,0.9455299377441406
r2b2_288,tamgen_b2_round2,0.5463682413101196,0.39727580547332764,0.9646720886230469
r2b2_396,tamgen_b2_round2,0.5476219058036804,0.2141987830400467,0.9472740292549133
b1_110,tamgen_b1,0.5484049320220947,0.3250289261341095,0.9280794262886047
HMT,round0_known,0.5493262410163879,0.32460901141166687,0.9314315915107727
r2b2_339,tamgen_b2_round2,0.5499271750450134,0.5710699558258057,0.9642505645751953
r2b2_380,tamgen_b2_round2,0.5523896217346191,0.313409686088562,0.9247628450393677
b1_141,tamgen_b1,0.5527104139328003,0.20199927687644958,0.9404922723770142
b1_093,tamgen_b1,0.5547870397567749,0.12829433381557465,0.926648736000061
r2b2_410,tamgen_b2_round2,0.5565463304519653,0.41345643997192383,0.9410009384155273
b2_081,tamgen_b2,0.5571187138557434,0.32883191108703613,0.9249796867370605
r2b2_049,tamgen_b2_round2,0.558809220790863,0.15501582622528076,0.9443756937980652
b2_039,tamgen_b2,0.5614755153656006,0.35531821846961975,0.9093610644340515
b1_034,tamgen_b1,0.5682533979415894,0.3869451880455017,0.9369277358055115
b1_007,tamgen_b1,0.5726050138473511,0.38874027132987976,0.9559001326560974
r2b2_198,tamgen_b2_round2,0.5753926634788513,0.09214968979358673,0.9336698651313782
r2_034,tamgen_round2,0.5770092606544495,0.5872366428375244,0.9541007280349731
r2b2_398,tamgen_b2_round2,0.5779361724853516,0.12582723796367645,0.9338899850845337
WQ2101,round0_known,0.5837525129318237,0.6284650564193726,0.9273731112480164
r2b2_065,tamgen_b2_round2,0.5867786407470703,0.3175318241119385,0.9496213793754578
b2_070,tamgen_b2,0.5882382988929749,0.5572695136070251,0.9074179530143738
b2_114,tamgen_b2,0.5884119272232056,0.3476792275905609,0.9030798077583313
r2b2_269,tamgen_b2_round2,0.5910762548446655,0.3538501262664795,0.9003780484199524
r2b2_357,tamgen_b2_round2,0.5918391346931458,0.5486845970153809,0.9239444136619568
c2_K58,ensemble_c2,0.592510461807251,0.7292788028717041,0.9623039364814758
r2b2_095,tamgen_b2_round2,0.595393180847168,0.3475198745727539,0.937791645526886
r2b2_085,tamgen_b2_round2,0.5980169773101807,0.17043590545654297,0.9378533363342285
tg_001,tamgen_round1,0.5982728004455566,0.3429591655731201,0.9316507577896118
r2b2_327,tamgen_b2_round2,0.5990675687789917,0.3171042203903198,0.9403216242790222
c2_r2_034,ensemble_c2,0.6015466451644897,0.5595871210098267,0.957659900188446
r2b2_144,tamgen_b2_round2,0.6018369197845459,0.5454338192939758,0.9429965019226074
b2_010,tamgen_b2,0.6025528907775879,0.10641247034072876,0.9057146906852722
r2b2_019,tamgen_b2_round2,0.6059143543243408,0.12518681585788727,0.9548708200454712
r2b2_079,tamgen_b2_round2,0.6069570779800415,0.15681612491607666,0.9273324012756348
r2b2_142,tamgen_b2_round2,0.6095242500305176,0.22041255235671997,0.941145122051239
b1_094,tamgen_b1,0.6105166673660278,0.12360690534114838,0.9540775418281555
r2b2_081,tamgen_b2_round2,0.6111412048339844,0.3733293116092682,0.8871715664863586
r2b2_235,tamgen_b2_round2,0.6113834381103516,0.5398262739181519,0.9632194638252258
r2b2_078,tamgen_b2_round2,0.6115929484367371,0.19193807244300842,0.9557918906211853
r2b2_124,tamgen_b2_round2,0.6125822067260742,0.5266177654266357,0.8946419954299927
r2b2_391,tamgen_b2_round2,0.6139515042304993,0.37764793634414673,0.9566157460212708
b1_003,tamgen_b1,0.6149594187736511,0.48390892148017883,0.9569241404533386
c2_r2_066,ensemble_c2,0.6171999573707581,0.3569590747356415,0.9530068635940552
b2_051,tamgen_b2,0.6184787154197693,0.5919374227523804,0.9250341653823853
r2b2_265,tamgen_b2_round2,0.6195366978645325,0.49868232011795044,0.9086408615112305
r2b2_348,tamgen_b2_round2,0.6200328469276428,0.43161481618881226,0.9422668814659119
b1_144,tamgen_b1,0.6219850182533264,0.3104158639907837,0.9578123092651367
b1_088,tamgen_b1,0.622276246547699,0.28379523754119873,0.9372110366821289
b1_071,tamgen_b1,0.6226884722709656,0.3589633107185364,0.9475838541984558
r2b2_114,tamgen_b2_round2,0.6263437867164612,0.49503833055496216,0.9339948892593384
r2_024,tamgen_round2,0.6275516748428345,0.3594072461128235,0.9307084083557129
b2_162,tamgen_b2,0.6314866542816162,0.046760015189647675,0.9481711387634277
r2b2_071,tamgen_b2_round2,0.6334172487258911,0.3994438648223877,0.9410511255264282
r2b2_278,tamgen_b2_round2,0.6339930295944214,0.15310831367969513,0.9575528502464294
r2b2_362,tamgen_b2_round2,0.6359498500823975,0.34322530031204224,0.9370725750923157
b1_004,tamgen_b1,0.6365558505058289,0.48812544345855713,0.932046115398407
r2b2_196,tamgen_b2_round2,0.6370008587837219,0.10670078545808792,0.9306493997573853
r2b2_376,tamgen_b2_round2,0.637795090675354,0.6657516360282898,0.9432209134101868
b1_121,tamgen_b1,0.6382360458374023,0.13127008080482483,0.9199404120445251
b2_117,tamgen_b2,0.6403561234474182,0.31734567880630493,0.9423061609268188
r2b2_143,tamgen_b2_round2,0.6408392190933228,0.5414732694625854,0.9481654167175293
c2_b2_028,ensemble_c2,0.6451812386512756,0.15860474109649658,0.9671835899353027
r2b2_168,tamgen_b2_round2,0.6482980251312256,0.12047848850488663,0.9409570097923279
b1_060,tamgen_b1,0.6484636068344116,0.2861348092556,0.9362263679504395
r2_063,tamgen_round2,0.6513286232948303,0.24175825715065002,0.9334084391593933
r2b2_161,tamgen_b2_round2,0.6514309048652649,0.27043089270591736,0.9269731640815735
r2b2_389,tamgen_b2_round2,0.654090404510498,0.1820649951696396,0.9575403332710266
r2b2_200,tamgen_b2_round2,0.6574950814247131,0.14564372599124908,0.9326987266540527
r2b2_120,tamgen_b2_round2,0.6607087254524231,0.24072815477848053,0.9461864829063416
r2_066,tamgen_round2,0.6611392498016357,0.2512260973453522,0.9444987177848816
b1_031,tamgen_b1,0.6647722721099854,0.18154224753379822,0.9363166689872742
r2b2_246,tamgen_b2_round2,0.6688463091850281,0.16783812642097473,0.9398525357246399
b1_066,tamgen_b1,0.6694284081459045,0.09991687536239624,0.9518725275993347
b2_019,tamgen_b2,0.6696709990501404,0.2991650700569153,0.9608996510505676
r2b2_130,tamgen_b2_round2,0.6705644130706787,0.11426171660423279,0.9196745157241821
r2_013,tamgen_round2,0.6713250279426575,0.15457430481910706,0.9553661346435547
r2b2_292,tamgen_b2_round2,0.6713261604309082,0.43746429681777954,0.9487512707710266
b1_139,tamgen_b1,0.6716240644454956,0.2398347407579422,0.9170501828193665
r2b2_084,tamgen_b2_round2,0.6725283861160278,0.35113525390625,0.8849148750305176
r2b2_241,tamgen_b2_round2,0.6740574240684509,0.18860778212547302,0.9000067114830017
r2b2_134,tamgen_b2_round2,0.6745356321334839,0.21438553929328918,0.9427044987678528
r2b2_047,tamgen_b2_round2,0.6759352087974548,0.29233479499816895,0.9595959782600403
b2_009,tamgen_b2,0.6767268180847168,0.17672795057296753,0.9081189036369324
r2b2_313,tamgen_b2_round2,0.6793659925460815,0.1204143688082695,0.9045991897583008
r2b2_369,tamgen_b2_round2,0.6793792247772217,0.3789288103580475,0.8852229118347168
r2b2_180,tamgen_b2_round2,0.6829452514648438,0.2196730226278305,0.9460452198982239
b2_042,tamgen_b2,0.6831154227256775,0.30247762799263,0.9089080691337585
r2b2_379,tamgen_b2_round2,0.6845300197601318,0.49915844202041626,0.9213333129882812
b1_057,tamgen_b1,0.6851661801338196,0.1089438945055008,0.8960825204849243
r2b2_243,tamgen_b2_round2,0.6856359839439392,0.19661754369735718,0.9529076814651489
b2_056,tamgen_b2,0.6865538358688354,0.39403074979782104,0.949977695941925
b2_028,tamgen_b2,0.6875141859054565,0.202772855758667,0.9522995352745056
r2b2_270,tamgen_b2_round2,0.6937041878700256,0.42727845907211304,0.9448471069335938
r2b2_148,tamgen_b2_round2,0.6945016384124756,0.49864012002944946,0.8545259833335876
c2_b1_142,ensemble_c2,0.6994357705116272,0.14556238055229187,0.954932689666748
b1_064,tamgen_b1,0.7004086971282959,0.0998215302824974,0.9506608843803406
r2b2_030,tamgen_b2_round2,0.7013840675354004,0.1399196833372116,0.9527188539505005
c2_b2_056,ensemble_c2,0.7031344175338745,0.3540458381175995,0.9505265355110168
r2b2_332,tamgen_b2_round2,0.7081800699234009,0.2125217318534851,0.962613582611084
r2_039,tamgen_round2,0.708462119102478,0.2735176682472229,0.9461817741394043
r2b2_146,tamgen_b2_round2,0.7116594314575195,0.5598843693733215,0.8844426274299622
r2_021,tamgen_round2,0.7158670425415039,0.3160737156867981,0.9270963072776794
b2_078,tamgen_b2,0.7175491452217102,0.17199212312698364,0.9555414319038391
r2b2_258,tamgen_b2_round2,0.7178249359130859,0.18543273210525513,0.9299942255020142
r2b2_384,tamgen_b2_round2,0.7213448286056519,0.23644238710403442,0.952832043170929
r2_056,tamgen_round2,0.7217537760734558,0.3526945114135742,0.9640348553657532
b2_100,tamgen_b2,0.7227504253387451,0.41819798946380615,0.942929208278656
r2_043,tamgen_round2,0.7250272631645203,0.5517923831939697,0.964500904083252
c2_b2_101,ensemble_c2,0.7264522314071655,0.09330303966999054,0.9402055740356445
r2b2_393,tamgen_b2_round2,0.7282211780548096,0.1402561068534851,0.9532852172851562
r2b2_381,tamgen_b2_round2,0.72825026512146,0.19372627139091492,0.930337131023407
r2b2_166,tamgen_b2_round2,0.7285313606262207,0.35414934158325195,0.915932297706604
b1_132,tamgen_b1,0.7307630181312561,0.3530961573123932,0.9355111122131348
c2_b2_010,ensemble_c2,0.7309054732322693,0.07647435367107391,0.9327703714370728
r2b2_299,tamgen_b2_round2,0.7319215536117554,0.13887670636177063,0.9470620155334473
b2_048,tamgen_b2,0.7333151698112488,0.25211256742477417,0.947047233581543
r2b2_304,tamgen_b2_round2,0.7356165647506714,0.3177054524421692,0.9424252510070801
r2b2_086,tamgen_b2_round2,0.736480712890625,0.4823535680770874,0.9438810348510742
r2b2_035,tamgen_b2_round2,0.7378523349761963,0.57677161693573,0.9162411689758301
r2b2_209,tamgen_b2_round2,0.7380975484848022,0.19227027893066406,0.9442659616470337
b1_063,tamgen_b1,0.7399739027023315,0.25459548830986023,0.9576693773269653
b2_136,tamgen_b2,0.7432566285133362,0.10116556286811829,0.9378190040588379
c2_b2_081,ensemble_c2,0.746319591999054,0.2614130675792694,0.9496126174926758
tg_002,tamgen_round1,0.7492130398750305,0.2603646516799927,0.9553903937339783
r2b2_122,tamgen_b2_round2,0.7501326203346252,0.27785536646842957,0.9615163803100586
b1_068,tamgen_b1,0.7523767948150635,0.12837457656860352,0.9447264075279236
b2_044,tamgen_b2,0.7539031505584717,0.26838934421539307,0.9644660353660583
r2_059,tamgen_round2,0.7553210854530334,0.281133770942688,0.9665500521659851
r2_065,tamgen_round2,0.7555469870567322,0.18612061440944672,0.9324188232421875
r2b2_204,tamgen_b2_round2,0.7582719326019287,0.5779640674591064,0.9029139876365662
tg_012,tamgen_round1,0.7619597911834717,0.5040438771247864,0.9263371825218201
r2b2_392,tamgen_b2_round2,0.766827404499054,0.4180702269077301,0.9419213533401489
r2b2_006,tamgen_b2_round2,0.7693889737129211,0.42286592721939087,0.9519862532615662
r2_051,tamgen_round2,0.7700628042221069,0.6633357405662537,0.9367557764053345
b2_069,tamgen_b2,0.7711469531059265,0.5789057612419128,0.9310498237609863
b2_101,tamgen_b2,0.7718707323074341,0.2457287311553955,0.9439883232116699
tg_009,tamgen_round1,0.7741788625717163,0.5343284010887146,0.946418285369873
r2b2_282,tamgen_b2_round2,0.7755002379417419,0.23001208901405334,0.9610227942466736
c2_b1_141,ensemble_c2,0.7756626009941101,0.12288820743560791,0.9487699866294861
r2b2_236,tamgen_b2_round2,0.7759808301925659,0.5073472261428833,0.9608964920043945
c2_r2_043,ensemble_c2,0.7843211889266968,0.5373886227607727,0.9612807631492615
r2b2_252,tamgen_b2_round2,0.7849266529083252,0.181815966963768,0.943598747253418
r2b2_214,tamgen_b2_round2,0.7869722247123718,0.4447323679924011,0.9349872469902039
b1_036,tamgen_b1,0.7888692617416382,0.3096665143966675,0.9443437457084656
b1_018,tamgen_b1,0.7935937643051147,0.3302822411060333,0.951722264289856
c2_b1_039,ensemble_c2,0.7952339053153992,0.1534908413887024,0.9460955858230591
b1_001,tamgen_b1,0.795729398727417,0.5024330019950867,0.9470311403274536
b1_135,tamgen_b1,0.7965914011001587,0.2187018245458603,0.9508423209190369
b1_024,tamgen_b1,0.7970119714736938,0.4517015814781189,0.9651050567626953
b2_126,tamgen_b2,0.7989253997802734,0.5990779399871826,0.9368718266487122
b2_023,tamgen_b2,0.7991091012954712,0.2432560920715332,0.9178571701049805
r2b2_330,tamgen_b2_round2,0.800977349281311,0.40845662355422974,0.962977409362793
r2b2_261,tamgen_b2_round2,0.8029251098632812,0.2129436582326889,0.9616047739982605
r2b2_051,tamgen_b2_round2,0.8035895824432373,0.17228421568870544,0.9628316760063171
r2b2_314,tamgen_b2_round2,0.8040821552276611,0.15296022593975067,0.9617822766304016
r2b2_187,tamgen_b2_round2,0.8047279119491577,0.1663474142551422,0.9221129417419434
r2_025,tamgen_round2,0.8062518835067749,0.619748592376709,0.9500345587730408
b2_066,tamgen_b2,0.8064783811569214,0.3389110863208771,0.9483534097671509
r2b2_287,tamgen_b2_round2,0.8068787455558777,0.1877276599407196,0.9162945747375488
r2b2_291,tamgen_b2_round2,0.8072763681411743,0.1500174105167389,0.9163943529129028
c2_b1_068,ensemble_c2,0.8092299699783325,0.10664940625429153,0.952121376991272
b2_132,tamgen_b2,0.8176615238189697,0.5982367992401123,0.9153105616569519
r2b2_407,tamgen_b2_round2,0.8189504146575928,0.43814629316329956,0.9500905275344849
r2b2_382,tamgen_b2_round2,0.821333646774292,0.1686094105243683,0.9586102366447449
b2_000,tamgen_b2,0.8213735222816467,0.10041172802448273,0.9551483392715454
b2_095,tamgen_b2,0.8292474746704102,0.16358935832977295,0.9390272498130798
r2_037,tamgen_round2,0.8297510147094727,0.4498140811920166,0.9570566415786743
c2_r2_025,ensemble_c2,0.831086277961731,0.6049519777297974,0.9585232734680176
r2b2_020,tamgen_b2_round2,0.8328468799591064,0.09525053203105927,0.9556531310081482
r2b2_045,tamgen_b2_round2,0.8338361382484436,0.15179310739040375,0.9336631894111633
r2b2_036,tamgen_b2_round2,0.8357373476028442,0.6023353934288025,0.9167131781578064
r2b2_000,tamgen_b2_round2,0.836279034614563,0.25842469930648804,0.9466872215270996
r2b2_139,tamgen_b2_round2,0.8364554643630981,0.37734323740005493,0.9279900789260864
r2b2_007,tamgen_b2_round2,0.8370148539543152,0.3976331949234009,0.947908878326416
r2b2_088,tamgen_b2_round2,0.8370620012283325,0.29925698041915894,0.8982614874839783
b1_022,tamgen_b1,0.8373757004737854,0.10107184946537018,0.9392370581626892
b2_123,tamgen_b2,0.8376222848892212,0.1926412433385849,0.8975141644477844
r2b2_194,tamgen_b2_round2,0.837726354598999,0.09974081814289093,0.9381845593452454
b1_073,tamgen_b1,0.8382556438446045,0.2199065387248993,0.8910812735557556
b2_156,tamgen_b2,0.8418394327163696,0.16147908568382263,0.9618887901306152
b1_039,tamgen_b1,0.8427760601043701,0.32616907358169556,0.9418627023696899
r2b2_111,tamgen_b2_round2,0.8439929485321045,0.33362090587615967,0.9274200797080994
r2b2_116,tamgen_b2_round2,0.8442190885543823,0.29529786109924316,0.946769654750824
r2b2_206,tamgen_b2_round2,0.8454453349113464,0.23660297691822052,0.9437755942344666
r2b2_290,tamgen_b2_round2,0.8491618633270264,0.22581647336483002,0.928409218788147
b2_083,tamgen_b2,0.8491672277450562,0.19438523054122925,0.9640030860900879
b1_049,tamgen_b1,0.8512738943099976,0.4641159474849701,0.9418051838874817
b2_094,tamgen_b2,0.8521019220352173,0.1448620855808258,0.9410871863365173
r2_000,tamgen_round2,0.854988694190979,0.5411882996559143,0.955605149269104
b2_080,tamgen_b2,0.8563685417175293,0.30811426043510437,0.9291753172874451
r2b2_277,tamgen_b2_round2,0.8588593602180481,0.10708139091730118,0.9310941100120544
r2b2_404,tamgen_b2_round2,0.859402060508728,0.3568764328956604,0.9234992861747742
r2_050,tamgen_round2,0.8623439073562622,0.20382945239543915,0.9449681639671326
r2b2_390,tamgen_b2_round2,0.863291323184967,0.1638616919517517,0.9485698938369751
b2_124,tamgen_b2,0.8651346564292908,0.3322288990020752,0.9366397261619568
b1_008,tamgen_b1,0.8672536015510559,0.458316832780838,0.9254516959190369
r2b2_077,tamgen_b2_round2,0.8685694336891174,0.47382545471191406,0.957291305065155
r2b2_400,tamgen_b2_round2,0.8701326847076416,0.21649321913719177,0.9312400221824646
r2b2_037,tamgen_b2_round2,0.8751396536827087,0.1649441421031952,0.9569826126098633
r2b2_355,tamgen_b2_round2,0.8776231408119202,0.06342016905546188,0.8817823529243469
r2b2_230,tamgen_b2_round2,0.8779728412628174,0.07160334289073944,0.9372326731681824
b2_125,tamgen_b2,0.8784607648849487,0.20558837056159973,0.9381327033042908
NAI,round0_known,0.8789101839065552,0.6247870922088623,0.9712617993354797
c2_b2_125,ensemble_c2,0.8791367411613464,0.19418027997016907,0.9367842674255371
b2_052,tamgen_b2,0.8794420957565308,0.26888930797576904,0.8890405893325806
r2b2_315,tamgen_b2_round2,0.8803724050521851,0.28307250142097473,0.9221992492675781
r2b2_082,tamgen_b2_round2,0.8826266527175903,0.07802930474281311,0.9419233202934265
b2_032,tamgen_b2,0.8891961574554443,0.16892974078655243,0.9137216806411743
b3_SEPIAPT,tamgen_b3,0.892712414264679,0.546358048915863,0.9211952090263367
r2_027,tamgen_round2,0.8980318307876587,0.2628244161605835,0.9197813868522644
b1_134,tamgen_b1,0.899084210395813,0.45338743925094604,0.9469828009605408
r2b2_023,tamgen_b2_round2,0.9005070924758911,0.13853652775287628,0.9237537384033203
b2_120,tamgen_b2,0.9054425954818726,0.09100611507892609,0.922336757183075
r2_012,tamgen_round2,0.9056817889213562,0.19317463040351868,0.9530019164085388
b1_037,tamgen_b1,0.9065954685211182,0.42935603857040405,0.8995575904846191
c2_b2_080,ensemble_c2,0.9087132215499878,0.3482741117477417,0.9448567628860474
b2_059,tamgen_b2,0.9100022315979004,0.14802350103855133,0.9187399744987488
r2b2_096,tamgen_b2_round2,0.913583517074585,0.3150310516357422,0.9234771132469177
r2_026,tamgen_round2,0.922487735748291,0.2354421615600586,0.955357551574707
r2b2_176,tamgen_b2_round2,0.9232152700424194,0.13400468230247498,0.9415802359580994
r2b2_343,tamgen_b2_round2,0.9242172241210938,0.42401692271232605,0.9247865676879883
r2b2_244,tamgen_b2_round2,0.924544095993042,0.23595792055130005,0.9365537762641907
r2b2_002,tamgen_b2_round2,0.9281749725341797,0.2471078634262085,0.9588495492935181
b2_121,tamgen_b2,0.9311509132385254,0.33551907539367676,0.923490047454834
b2_166,tamgen_b2,0.9315006732940674,0.377490758895874,0.9521002173423767
r2_018,tamgen_round2,0.9342690110206604,0.4359230399131775,0.963349461555481
b1_012,tamgen_b1,0.9349498748779297,0.45934945344924927,0.9511283040046692
r2b2_157,tamgen_b2_round2,0.9379726648330688,0.13700447976589203,0.9549935460090637
b2_134,tamgen_b2,0.9403694272041321,0.14175847172737122,0.9109272956848145
r2b2_072,tamgen_b2_round2,0.9407256841659546,0.3064669966697693,0.9621738791465759
r2b2_109,tamgen_b2_round2,0.9408420324325562,0.15999403595924377,0.8994660377502441
r2b2_333,tamgen_b2_round2,0.9418719410896301,0.2542145550251007,0.960418701171875
r2b2_312,tamgen_b2_round2,0.9459691643714905,0.37327468395233154,0.9210176467895508
r2b2_227,tamgen_b2_round2,0.9461981058120728,0.17808951437473297,0.8969462513923645
b2_065,tamgen_b2,0.9482875466346741,0.32341259717941284,0.9560458064079285
b2_060,tamgen_b2,0.9486384987831116,0.3768550753593445,0.9348635077476501
r2_069,tamgen_round2,0.9503081440925598,0.19185757637023926,0.9445209503173828
c2_b1_047,ensemble_c2,0.9554060697555542,0.24928441643714905,0.958169162273407
c2_b1_008,ensemble_c2,0.9584434032440186,0.3447037935256958,0.9535495042800903
b3_METHOTREX,tamgen_b3,0.9620506763458252,0.5312042236328125,0.9396370053291321
r2b2_401,tamgen_b2_round2,0.9620951414108276,0.20846721529960632,0.9176477789878845
r2b2_186,tamgen_b2_round2,0.9644945859909058,0.5309593677520752,0.9438347220420837
b2_017,tamgen_b2,0.9754427671432495,0.12766635417938232,0.9546851515769958
b1_084,tamgen_b1,0.9755211472511292,0.3284423351287842,0.9561886787414551
r2b2_147,tamgen_b2_round2,0.9786949753761292,0.13683469593524933,0.9099337458610535
r2b2_255,tamgen_b2_round2,0.9797894954681396,0.45157086849212646,0.9392644166946411
r2b2_128,tamgen_b2_round2,0.9826627373695374,0.36254435777664185,0.9265100359916687
b2_058,tamgen_b2,0.9832913875579834,0.17865321040153503,0.9349129796028137
b2_105,tamgen_b2,0.9844189286231995,0.42947354912757874,0.9469658136367798
r2b2_264,tamgen_b2_round2,0.9851694703102112,0.4601439833641052,0.9376233220100403
r2b2_133,tamgen_b2_round2,0.9856438636779785,0.4534214437007904,0.9441537857055664
r2b2_185,tamgen_b2_round2,0.9880380630493164,0.12972743809223175,0.958251416683197
r2b2_094,tamgen_b2_round2,0.9925593733787537,0.15694335103034973,0.9128668904304504
r2b2_250,tamgen_b2_round2,0.9962829947471619,0.44061279296875,0.952004075050354
tg_003,tamgen_round1,0.9965405464172363,0.43211430311203003,0.9318704009056091
r2b2_347,tamgen_b2_round2,0.998430609703064,0.3115122318267822,0.943577229976654
r2b2_013,tamgen_b2_round2,0.9997164607048035,0.3806343078613281,0.9516887664794922
r2b2_201,tamgen_b2_round2,1.0020445585250854,0.08849616348743439,0.9397315382957458
r2_022,tamgen_round2,1.0042939186096191,0.16686539351940155,0.940423309803009
b2_108,tamgen_b2,1.0079251527786255,0.24818982183933258,0.9560341238975525
r2_044,tamgen_round2,1.0087934732437134,0.18146367371082306,0.9430143237113953
c2_r2_037,ensemble_c2,1.0121104717254639,0.4463987350463867,0.9590179324150085
r2b2_305,tamgen_b2_round2,1.013771414756775,0.07950949668884277,0.9458886981010437
r2_068,tamgen_round2,1.0166652202606201,0.18776154518127441,0.9356386065483093
b2_037,tamgen_b2,1.0209802389144897,0.2752330005168915,0.9482548832893372
r2_030,tamgen_round2,1.0273191928863525,0.49172449111938477,0.9529382586479187
r2b2_225,tamgen_b2_round2,1.0273343324661255,0.14019230008125305,0.9150177240371704
r2b2_308,tamgen_b2_round2,1.0394271612167358,0.445432186126709,0.939842164516449
r2_041,tamgen_round2,1.048201560974121,0.22145676612854004,0.9165560603141785
r2b2_060,tamgen_b2_round2,1.0484102964401245,0.14293250441551208,0.932475209236145
r2b2_295,tamgen_b2_round2,1.048910140991211,0.16554880142211914,0.9640809297561646
r2_023,tamgen_round2,1.05007803440094,0.3060302734375,0.9404746294021606
r2b2_218,tamgen_b2_round2,1.050533652305603,0.13009272515773773,0.921971321105957
b2_077,tamgen_b2,1.0513596534729004,0.21004796028137207,0.9407541155815125
b2_055,tamgen_b2,1.052083969116211,0.18290838599205017,0.9656087160110474
r2b2_125,tamgen_b2_round2,1.0532879829406738,0.17678984999656677,0.9055787324905396
r2b2_249,tamgen_b2_round2,1.0538963079452515,0.27989906072616577,0.9472737312316895
r2b2_090,tamgen_b2_round2,1.0559247732162476,0.46448779106140137,0.945941150188446
r2b2_073,tamgen_b2_round2,1.0580379962921143,0.30540430545806885,0.9388322830200195
r2b2_076,tamgen_b2_round2,1.0601365566253662,0.17069965600967407,0.910916805267334
r2b2_289,tamgen_b2_round2,1.060336709022522,0.15410500764846802,0.9381842017173767
b2_068,tamgen_b2,1.0604676008224487,0.44937509298324585,0.9491991400718689
r2b2_017,tamgen_b2_round2,1.0651943683624268,0.17002493143081665,0.9380722045898438
r2_057,tamgen_round2,1.0714316368103027,0.4030318260192871,0.9227210879325867
b2_013,tamgen_b2,1.0721431970596313,0.07429921627044678,0.9559082388877869
b2_155,tamgen_b2,1.0750031471252441,0.08571409434080124,0.9144258499145508
r2b2_027,tamgen_b2_round2,1.0751880407333374,0.062348105013370514,0.9462947845458984
r2b2_028,tamgen_b2_round2,1.0774006843566895,0.06507200002670288,0.9315853118896484
b2_074,tamgen_b2,1.0778707265853882,0.5432238578796387,0.935420036315918
r2b2_042,tamgen_b2_round2,1.0779547691345215,0.31070035696029663,0.9416734576225281
b2_085,tamgen_b2,1.0798943042755127,0.4232878088951111,0.9354519248008728
r2b2_068,tamgen_b2_round2,1.0843068361282349,0.09856070578098297,0.9384679198265076
r2_004,tamgen_round2,1.08669114112854,0.17385467886924744,0.9521018266677856
b1_143,tamgen_b1,1.0912590026855469,0.22386610507965088,0.9393523335456848
tg_007,tamgen_round1,1.0945576429367065,0.2591390311717987,0.9317728877067566
r2b2_099,tamgen_b2_round2,1.095786452293396,0.13946755230426788,0.9451771974563599
r2b2_361,tamgen_b2_round2,1.0981478691101074,0.17162567377090454,0.9474238753318787
r2_060,tamgen_round2,1.1005234718322754,0.1580144762992859,0.9455155730247498
tg_018,tamgen_round1,1.1034398078918457,0.391032874584198,0.9408193826675415
r2b2_301,tamgen_b2_round2,1.1087088584899902,0.05148271471261978,0.9600074887275696
c2_r2_050,ensemble_c2,1.1158517599105835,0.15331031382083893,0.9523980021476746
r2b2_014,tamgen_b2_round2,1.1191080808639526,0.20268675684928894,0.9502325057983398
b2_022,tamgen_b2,1.1219639778137207,0.20098383724689484,0.9257192611694336
r2_061,tamgen_round2,1.12582528591156,0.22706228494644165,0.9479941725730896
r2b2_055,tamgen_b2_round2,1.1262943744659424,0.11555442214012146,0.9191581010818481
r2b2_322,tamgen_b2_round2,1.128905177116394,0.20129942893981934,0.9400199055671692
b3_SAPROPT,tamgen_b3,1.1291460990905762,0.5310930013656616,0.9101425409317017
b2_168,tamgen_b2,1.1329052448272705,0.4668496251106262,0.9493948817253113
b2_131,tamgen_b2,1.1358134746551514,0.2355114221572876,0.9361977577209473
r2_015,tamgen_round2,1.1362814903259277,0.1781499981880188,0.918559730052948
r2b2_367,tamgen_b2_round2,1.1384694576263428,0.38360708951950073,0.9494776725769043
r2b2_256,tamgen_b2_round2,1.1416285037994385,0.1737283170223236,0.9196710586547852
r2b2_320,tamgen_b2_round2,1.147371768951416,0.07928938418626785,0.9475073218345642
r2b2_247,tamgen_b2_round2,1.1480566263198853,0.1314322054386139,0.8870048522949219
b2_091,tamgen_b2,1.1508233547210693,0.4093031585216522,0.9532090425491333
r2_062,tamgen_round2,1.1509134769439697,0.11966006457805634,0.9534225463867188
b3_FOLIC,tamgen_b3,1.151918888092041,0.4888157248497009,0.9519975781440735
r2b2_104,tamgen_b2_round2,1.1534779071807861,0.25008416175842285,0.9445196390151978
tg_015,tamgen_round1,1.1574842929840088,0.214162677526474,0.9564916491508484
r2b2_224,tamgen_b2_round2,1.1582084894180298,0.21735012531280518,0.9351924061775208
b2_046,tamgen_b2,1.160683512687683,0.41637754440307617,0.9443632960319519
b1_059,tamgen_b1,1.1632726192474365,0.5194569826126099,0.9206106066703796
b2_111,tamgen_b2,1.167919397354126,0.28632837533950806,0.9333171248435974
r2b2_117,tamgen_b2_round2,1.1684213876724243,0.09084154665470123,0.9007525444030762
r2b2_026,tamgen_b2_round2,1.1686267852783203,0.2010185569524765,0.9646398425102234
r2b2_075,tamgen_b2_round2,1.1715832948684692,0.3871045708656311,0.9489635825157166
b1_050,tamgen_b1,1.1720472574234009,0.159866064786911,0.9336774945259094
r2b2_238,tamgen_b2_round2,1.174272894859314,0.2064300775527954,0.9346290826797485
b1_146,tamgen_b1,1.1774930953979492,0.1673993468284607,0.9207906126976013
b2_035,tamgen_b2,1.1783920526504517,0.06499014794826508,0.9434306025505066
b1_085,tamgen_b1,1.178614616394043,0.05427803471684456,0.9605277180671692
r2b2_412,tamgen_b2_round2,1.1795543432235718,0.06932100653648376,0.9441259503364563
r2b2_074,tamgen_b2_round2,1.1801793575286865,0.09656010568141937,0.9455767869949341
b2_143,tamgen_b2,1.1825977563858032,0.17404566705226898,0.9427973628044128
r2b2_110,tamgen_b2_round2,1.1949926614761353,0.15573664009571075,0.9317615628242493
r2b2_203,tamgen_b2_round2,1.2005763053894043,0.35464251041412354,0.9660435914993286
r2b2_183,tamgen_b2_round2,1.2037705183029175,0.15699134767055511,0.9397646188735962
b2_033,tamgen_b2,1.2044183015823364,0.0662674605846405,0.9373407363891602
tg_004,tamgen_round1,1.2044960260391235,0.18140286207199097,0.9301359057426453
r2b2_165,tamgen_b2_round2,1.206356167793274,0.237710103392601,0.923711895942688
b2_089,tamgen_b2,1.2098942995071411,0.1176707074046135,0.9163135886192322
b2_006,tamgen_b2,1.2128446102142334,0.4364410638809204,0.9502596259117126
r2_040,tamgen_round2,1.2161967754364014,0.23153145611286163,0.9158045649528503
b2_157,tamgen_b2,1.2170277833938599,0.19925132393836975,0.8996491432189941
r2_019,tamgen_round2,1.2230112552642822,0.4135354161262512,0.9698866009712219
b1_091,tamgen_b1,1.2325401306152344,0.33210694789886475,0.9211440086364746
b1_145,tamgen_b1,1.2356326580047607,0.1960584819316864,0.92324298620224
r2_016,tamgen_round2,1.2358007431030273,0.12501288950443268,0.9497586488723755
r2b2_375,tamgen_b2_round2,1.237151861190796,0.16600096225738525,0.9450441598892212
r2b2_371,tamgen_b2_round2,1.237778902053833,0.4074022173881531,0.9709631204605103
b1_130,tamgen_b1,1.2397725582122803,0.5400314927101135,0.9468712210655212
r2b2_138,tamgen_b2_round2,1.244111180305481,0.3576957881450653,0.9520524144172668
b2_167,tamgen_b2,1.2452964782714844,0.4050898551940918,0.9506527185440063
b2_154,tamgen_b2,1.2472567558288574,0.4219428300857544,0.9486010670661926
r2b2_216,tamgen_b2_round2,1.2526066303253174,0.18401655554771423,0.9198271036148071
r2b2_113,tamgen_b2_round2,1.2539254426956177,0.15852168202400208,0.9491546750068665
r2_010,tamgen_round2,1.2573533058166504,0.2049717754125595,0.9456154704093933
b2_158,tamgen_b2,1.2578623294830322,0.1271713525056839,0.9442667961120605
r2b2_009,tamgen_b2_round2,1.2579838037490845,0.3497006893157959,0.9442769885063171
r2b2_294,tamgen_b2_round2,1.258533000946045,0.04954206198453903,0.9527067542076111
b2_096,tamgen_b2,1.2631587982177734,0.39053112268447876,0.9452863931655884
b1_089,tamgen_b1,1.2633310556411743,0.032346129417419434,0.9560026526451111
r2b2_179,tamgen_b2_round2,1.2649931907653809,0.20636294782161713,0.9450699687004089
b1_102,tamgen_b1,1.268851637840271,0.19747379422187805,0.9520230293273926
r2b2_232,tamgen_b2_round2,1.2724220752716064,0.17861992120742798,0.9360429644584656
c2_b2_124,ensemble_c2,1.2746491432189941,0.24638670682907104,0.9394311904907227
r2_058,tamgen_round2,1.2758262157440186,0.1802237629890442,0.9298564791679382
r2_001,tamgen_round2,1.2770044803619385,0.3643168807029724,0.9482843279838562
b2_149,tamgen_b2,1.2794747352600098,0.2074146568775177,0.9188178181648254
b3_MTHF,tamgen_b3,1.2948483228683472,0.47375985980033875,0.9115381240844727
r2b2_102,tamgen_b2_round2,1.2975890636444092,0.16130724549293518,0.9315334558486938
r2b2_059,tamgen_b2_round2,1.3033121824264526,0.04240179806947708,0.9584781527519226
r2_036,tamgen_round2,1.3036212921142578,0.22222788631916046,0.9505905508995056
b2_045,tamgen_b2,1.3037593364715576,0.2489696741104126,0.9605727195739746
b2_106,tamgen_b2,1.3083584308624268,0.21900799870491028,0.9379842877388
b2_038,tamgen_b2,1.3110570907592773,0.4376242160797119,0.9145178198814392
r2b2_178,tamgen_b2_round2,1.3123949766159058,0.07430741935968399,0.9569517374038696
r2b2_408,tamgen_b2_round2,1.313622236251831,0.2525542080402374,0.9590079188346863
r2b2_118,tamgen_b2_round2,1.3251949548721313,0.5217059254646301,0.9258739352226257
b1_042,tamgen_b1,1.3274955749511719,0.30720970034599304,0.931193470954895
b1_052,tamgen_b1,1.329770565032959,0.2624029815196991,0.9512581825256348
r2b2_229,tamgen_b2_round2,1.3306474685668945,0.07958853244781494,0.9138620495796204
b2_001,tamgen_b2,1.3314553499221802,0.3128890097141266,0.9350981116294861
r2b2_234,tamgen_b2_round2,1.3359382152557373,0.3657737970352173,0.9269394874572754
c2_b1_135,ensemble_c2,1.3373618125915527,0.1788073033094406,0.9362438321113586
c2_b2_100,ensemble_c2,1.3379712104797363,0.4358387589454651,0.9408610463142395
b2_118,tamgen_b2,1.3401342630386353,0.234548419713974,0.9538493156433105
r2b2_029,tamgen_b2_round2,1.3406453132629395,0.42505329847335815,0.9447558522224426
r2_042,tamgen_round2,1.3423748016357422,0.14337977766990662,0.9604031443595886
r2b2_271,tamgen_b2_round2,1.3437622785568237,0.08531796932220459,0.9478373527526855
r2b2_058,tamgen_b2_round2,1.3488590717315674,0.05021118372678757,0.9470168948173523
tg_005,tamgen_round1,1.3490707874298096,0.18502193689346313,0.9596538543701172
r2b2_197,tamgen_b2_round2,1.3571279048919678,0.37132763862609863,0.8711003661155701
r2b2_253,tamgen_b2_round2,1.3586114645004272,0.17702482640743256,0.929783284664154
r2b2_112,tamgen_b2_round2,1.3589332103729248,0.20547237992286682,0.9353340268135071
r2b2_257,tamgen_b2_round2,1.3589589595794678,0.10950547456741333,0.9501809477806091
r2_054,tamgen_round2,1.3611773252487183,0.15388527512550354,0.9469912648200989
b2_036,tamgen_b2,1.363138198852539,0.08194825053215027,0.9276881217956543
r2b2_296,tamgen_b2_round2,1.365587830543518,0.21413476765155792,0.9422271847724915
r2_002,tamgen_round2,1.366060733795166,0.22192969918251038,0.945109486579895
r2b2_266,tamgen_b2_round2,1.3676859140396118,0.03175731003284454,0.9547978639602661
b2_005,tamgen_b2,1.3679206371307373,0.14025786519050598,0.9354173541069031
r2b2_316,tamgen_b2_round2,1.370558500289917,0.2454717755317688,0.90227872133255
r2_020,tamgen_round2,1.3726816177368164,0.17603084444999695,0.9460440874099731
tg_016,tamgen_round1,1.3732805252075195,0.17558470368385315,0.9562399983406067
b1_010,tamgen_b1,1.3770596981048584,0.1753867268562317,0.9231401681900024
r2_014,tamgen_round2,1.3787519931793213,0.10863269865512848,0.954535186290741
b2_084,tamgen_b2,1.3874609470367432,0.17542926967144012,0.9470492601394653
r2b2_220,tamgen_b2_round2,1.3940712213516235,0.1303051859140396,0.9594257473945618
b2_144,tamgen_b2,1.3944015502929688,0.13181690871715546,0.9353476762771606
r2b2_022,tamgen_b2_round2,1.3985427618026733,0.2007964551448822,0.9432865381240845
r2b2_321,tamgen_b2_round2,1.4020428657531738,0.15847501158714294,0.9456205368041992
r2b2_276,tamgen_b2_round2,1.402820110321045,0.09456968307495117,0.9097071886062622
r2b2_100,tamgen_b2_round2,1.4069111347198486,0.1495906561613083,0.9296330809593201
b1_067,tamgen_b1,1.4101996421813965,0.09804001450538635,0.9273446202278137
b3_TETHYBIO,tamgen_b3,1.4113078117370605,0.5411017537117004,0.8840862512588501
r2b2_352,tamgen_b2_round2,1.4151901006698608,0.13044150173664093,0.9403406381607056
b2_034,tamgen_b2,1.4155361652374268,0.3415701687335968,0.9441752433776855
r2b2_208,tamgen_b2_round2,1.4304139614105225,0.17785552144050598,0.9365965723991394
r2b2_005,tamgen_b2_round2,1.4313809871673584,0.1262022852897644,0.9457511305809021
r2_053,tamgen_round2,1.43142831325531,0.38803717494010925,0.9527592658996582
r2b2_101,tamgen_b2_round2,1.436084508895874,0.16490940749645233,0.9142231345176697
b2_086,tamgen_b2,1.441354513168335,0.13572147488594055,0.9460088610649109
r2b2_115,tamgen_b2_round2,1.4546394348144531,0.3446943759918213,0.926770031452179
r2b2_222,tamgen_b2_round2,1.455944538116455,0.2821720838546753,0.9531713724136353
r2b2_373,tamgen_b2_round2,1.4597299098968506,0.0714019164443016,0.9438883066177368
r2b2_145,tamgen_b2_round2,1.4599621295928955,0.043515656143426895,0.9654939770698547
r2b2_245,tamgen_b2_round2,1.4639828205108643,0.2368079125881195,0.9578630328178406
b2_088,tamgen_b2,1.466465950012207,0.30077385902404785,0.9542865753173828
r2b2_240,tamgen_b2_round2,1.4668341875076294,0.23500484228134155,0.9409093856811523
b2_002,tamgen_b2,1.468313455581665,0.14698335528373718,0.9210958480834961
b1_074,tamgen_b1,1.4715933799743652,0.15458089113235474,0.9209532141685486
b2_008,tamgen_b2,1.4737634658813477,0.18262624740600586,0.9054975509643555
r2b2_018,tamgen_b2_round2,1.4757359027862549,0.0913839191198349,0.9359031915664673
r2_006,tamgen_round2,1.4785351753234863,0.34546658396720886,0.9183063507080078
b2_014,tamgen_b2,1.479447841644287,0.17338082194328308,0.9560537338256836
b1_014,tamgen_b1,1.4810006618499756,0.10548526048660278,0.9193283319473267
r2b2_306,tamgen_b2_round2,1.483663558959961,0.14971409738063812,0.907244861125946
b2_050,tamgen_b2,1.487521767616272,0.11674223840236664,0.9475827217102051
r2b2_195,tamgen_b2_round2,1.494813084602356,0.13768988847732544,0.901244580745697
r2b2_033,tamgen_b2_round2,1.4996143579483032,0.12842705845832825,0.9324424862861633
r2b2_319,tamgen_b2_round2,1.4997260570526123,0.13302716612815857,0.9488552212715149
b2_076,tamgen_b2,1.5045135021209717,0.17485016584396362,0.9507474899291992
b1_041,tamgen_b1,1.5081477165222168,0.16467690467834473,0.9444442987442017
tg_017,tamgen_round1,1.513646125793457,0.2003578245639801,0.9435411691665649
r2b2_080,tamgen_b2_round2,1.5164272785186768,0.0586654469370842,0.9597277641296387
r2b2_038,tamgen_b2_round2,1.5165859460830688,0.17544838786125183,0.9241639971733093
b2_031,tamgen_b2,1.5168428421020508,0.13057295978069305,0.9538071751594543
r2b2_300,tamgen_b2_round2,1.517930507659912,0.24786831438541412,0.9520320296287537
r2b2_155,tamgen_b2_round2,1.5196435451507568,0.3472898602485657,0.9454404711723328
r2b2_350,tamgen_b2_round2,1.5264003276824951,0.3879273533821106,0.9278918504714966
r2b2_298,tamgen_b2_round2,1.5281708240509033,0.24640244245529175,0.9664393663406372
b2_075,tamgen_b2,1.5309817790985107,0.3677460849285126,0.9078282713890076
r2b2_040,tamgen_b2_round2,1.5310816764831543,0.19923722743988037,0.9215793609619141
r2b2_008,tamgen_b2_round2,1.5322331190109253,0.30665624141693115,0.9409464001655579
b1_033,tamgen_b1,1.5406708717346191,0.26859790086746216,0.9094463586807251
r2b2_340,tamgen_b2_round2,1.550400972366333,0.16951681673526764,0.9602565169334412
tg_000,tamgen_round1,1.5626554489135742,0.30604010820388794,0.945076584815979
r2_038,tamgen_round2,1.5632085800170898,0.2721793055534363,0.9521194696426392
b1_065,tamgen_b1,1.5651600360870361,0.06392274051904678,0.9463713765144348
b1_055,tamgen_b1,1.5677326917648315,0.1085001677274704,0.9273894429206848
r2b2_159,tamgen_b2_round2,1.569898009300232,0.21568626165390015,0.9298920631408691
r2_033,tamgen_round2,1.5703024864196777,0.20967456698417664,0.9611421823501587
r2b2_307,tamgen_b2_round2,1.5705054998397827,0.1438809484243393,0.9473461508750916
r2b2_275,tamgen_b2_round2,1.5764729976654053,0.20913727581501007,0.9397162795066833
r2b2_181,tamgen_b2_round2,1.5823650360107422,0.08576960116624832,0.9378043413162231
r2b2_323,tamgen_b2_round2,1.59971022605896,0.1528647541999817,0.9580604434013367
r2_048,tamgen_round2,1.6016242504119873,0.1535102128982544,0.9594690203666687
r2b2_001,tamgen_b2_round2,1.6030443906784058,0.10528227686882019,0.954319953918457
r2b2_034,tamgen_b2_round2,1.6054527759552002,0.1805318295955658,0.956899106502533
r2_031,tamgen_round2,1.623460292816162,0.13289836049079895,0.9408095479011536
NCT503,round0_known,1.6239304542541504,0.2899117171764374,0.9410605430603027
r2b2_063,tamgen_b2_round2,1.627100944519043,0.17219558358192444,0.9215001463890076
r2b2_317,tamgen_b2_round2,1.6302626132965088,0.05826868861913681,0.9583911299705505
r2b2_199,tamgen_b2_round2,1.6390838623046875,0.29596877098083496,0.8908473253250122
r2b2_151,tamgen_b2_round2,1.6500506401062012,0.27626675367355347,0.9446302652359009
r2b2_221,tamgen_b2_round2,1.652331829071045,0.16968491673469543,0.9560471773147583
r2b2_152,tamgen_b2_round2,1.653261661529541,0.07298267632722855,0.9430530667304993
r2b2_024,tamgen_b2_round2,1.6539976596832275,0.14600418508052826,0.9374355673789978
b1_133,tamgen_b1,1.66719388961792,0.17774713039398193,0.9591259360313416
tg_019,tamgen_round1,1.6816880702972412,0.28023087978363037,0.9609163403511047
b2_104,tamgen_b2,1.68879234790802,0.04904049634933472,0.9478290677070618
r2b2_131,tamgen_b2_round2,1.6941730976104736,0.09854760020971298,0.9556089639663696
r2b2_066,tamgen_b2_round2,1.6979295015335083,0.10217899084091187,0.9659413695335388
r2b2_399,tamgen_b2_round2,1.7034642696380615,0.22874820232391357,0.953118622303009
b1_011,tamgen_b1,1.705078363418579,0.22042116522789001,0.9503834843635559
b2_073,tamgen_b2,1.707189917564392,0.18593648076057434,0.9594148993492126
r2_017,tamgen_round2,1.7138117551803589,0.29207390546798706,0.9609646201133728
b2_103,tamgen_b2,1.719523549079895,0.11431381106376648,0.9318308234214783
r2_035,tamgen_round2,1.722524642944336,0.1582137942314148,0.9516076445579529
r2b2_132,tamgen_b2_round2,1.7328364849090576,0.19013355672359467,0.9610134959220886
tg_010,tamgen_round1,1.7378323078155518,0.20421329140663147,0.9437867999076843
r2b2_069,tamgen_b2_round2,1.7457995414733887,0.08801096677780151,0.9370340704917908
r2b2_324,tamgen_b2_round2,1.7490627765655518,0.17860272526741028,0.9462849497795105
r2b2_394,tamgen_b2_round2,1.7505972385406494,0.05890681594610214,0.9654349684715271
b1_053,tamgen_b1,1.7507710456848145,0.0968833789229393,0.9443274736404419
r2b2_123,tamgen_b2_round2,1.7529008388519287,0.05467229336500168,0.9480717778205872
r2_005,tamgen_round2,1.7616783380508423,0.08691998571157455,0.9431681632995605
r2b2_089,tamgen_b2_round2,1.7684242725372314,0.2960973381996155,0.9608303308486938
r2b2_158,tamgen_b2_round2,1.7734497785568237,0.30712491273880005,0.9544504284858704
r2b2_004,tamgen_b2_round2,1.7770228385925293,0.17067214846611023,0.9588756561279297
r2b2_395,tamgen_b2_round2,1.797072172164917,0.12111099809408188,0.9372916221618652
r2_052,tamgen_round2,1.8114943504333496,0.35767704248428345,0.9353532195091248
r2_046,tamgen_round2,1.8133022785186768,0.14629238843917847,0.9464226961135864
r2_045,tamgen_round2,1.8156473636627197,0.2176342010498047,0.8850114941596985
r2_009,tamgen_round2,1.8161619901657104,0.1528504490852356,0.953823983669281
b2_102,tamgen_b2,1.8431940078735352,0.1190626248717308,0.9524171948432922
r2_055,tamgen_round2,1.8471777439117432,0.2131192982196808,0.9429349303245544
r2_032,tamgen_round2,1.8655881881713867,0.2301628589630127,0.9351344108581543
r2_011,tamgen_round2,1.86867094039917,0.16319844126701355,0.9586472511291504
3PG,round0_known,1.88699209690094,0.48329633474349976,0.944013237953186
r2b2_219,tamgen_b2_round2,1.8954570293426514,0.12490813434123993,0.953744113445282
r2b2_070,tamgen_b2_round2,1.899213194847107,0.17858923971652985,0.9553470015525818
r2_047,tamgen_round2,1.9058523178100586,0.20397506654262543,0.9582066535949707
r2b2_154,tamgen_b2_round2,1.9157907962799072,0.1912546157836914,0.9640838503837585
r2b2_402,tamgen_b2_round2,1.9328241348266602,0.14941246807575226,0.960841178894043
tg_013,tamgen_round1,1.9460175037384033,0.2455340325832367,0.9580956697463989
b2_062,tamgen_b2,1.9716119766235352,0.16873857378959656,0.9657374620437622
r2b2_098,tamgen_b2_round2,2.003514051437378,0.1586797684431076,0.9657395482063293
r2b2_239,tamgen_b2_round2,2.0288712978363037,0.17376109957695007,0.9447261691093445
b1_092,tamgen_b1,2.16131591796875,0.2704198658466339,0.9260790944099426
r2b2_210,tamgen_b2_round2,2.2201104164123535,0.12237522006034851,0.9549230933189392
b1_113,tamgen_b1,2.2228198051452637,0.133208230137825,0.9381005167961121
b3_LPHE,tamgen_b3,2.3832945823669434,0.3510935306549072,0.9508137106895447
r2_049,tamgen_round2,2.4721131324768066,0.12081638723611832,0.9162673950195312
r2b2_021,tamgen_b2_round2,2.5019400119781494,0.28979265689849854,0.9422323107719421
