id,source,affinity_pred_value,prob_binary,confidence,smiles,sa_score,mw,logp,hbd,hba,rotbonds,tpsa,pains,lipinski_pass,veber_pass,drug_like_pass
ONS,round0_known,-1.8150708675384521,0.9659343957901001,0.9683119654655457,Cn1c(cc2c(Cl)c(Cl)ccc12)C(=O)NC3(COC3)c4ccc(cc4)[C@H](C(O)=O)c5cccnc5,3.37,510.4,4.75,2,4,6,93.5,0,0,1,0
K5K,round0_known,-1.787034273147583,0.9501336216926575,0.9702744483947754,Cc1cc2c(cc(n2C)C(=O)N[C@H](CO)c3ccc(cc3)S(=O)(=O)CC(=O)O)c(c1Cl)Cl,3.19,499.4,3.12,3,5,7,125.7,0,1,1,1
b2_067,tamgen_b2,-1.5869896411895752,0.3293900787830353,0.9547228217124939,COC(O)=Nc1ccc2c(c1)N=C(O)C[C@@H](C)/C=C/C[C@H](N=C(O)c1c(F)cc(C)cc1F)c1nc-2c(Cl)[nH]1,5.84,558.0,7.13,4,5,3,135.7,1,0,1,0
b1_096,tamgen_b1,-1.0256869792938232,0.10761888325214386,0.9310397505760193,CN1CCN(c2ccc(Nc3cc(-c4ccnc(-n5ncc6cc(C(C)(C)C)cc(F)c6c5=O)c4CO)nn(C)c3=O)nc2)CC1,3.38,625.7,3.36,2,10,6,134.3,0,0,1,0
ONV,round0_known,-1.0162416696548462,0.812230110168457,0.9661033749580383,C1[C@H](OC(=O)N1)COC2=C(C=C3C=C(NC3=C2)C(=O)N[C@H](CO)C4=CC=C(C=C4)C(=O)O)Cl,3.48,473.9,2.47,5,6,8,150.0,0,1,0,0
b1_095,tamgen_b1,-0.8468053340911865,0.13164837658405304,0.9434444308280945,CN1CCN(c2ccc(Nc3cc(-c4ccnc(-n5ncc6cc(C(C)(C)C)cc(F)c6c5=O)c4CO)cn(C)c3=O)nc2)CC1,3.37,624.7,3.97,2,9,6,121.4,0,0,1,0
b1_025,tamgen_b1,-0.8098475933074951,0.19060206413269043,0.9402696490287781,CN1CCN(c2ccc(Nc3cc(-c4cccc(-n5ccc6cc(C7CC7)c(F)c(F)c6c5=O)c4CO)cn(C)c3=O)nc2)CC1,3.30,624.7,4.89,2,7,7,95.6,0,0,1,0
b2_145,tamgen_b2,-0.6988700032234192,0.7545665502548218,0.9583190083503723,COc1ccc(-c2ccc(S(=O)(=O)N[C@@H](C(C)C)P(=O)(O)O)cc2)cc1,2.71,399.4,2.80,3,4,7,112.9,1,1,1,0
b1_029,tamgen_b1,-0.6976767182350159,0.30976709723472595,0.9384458661079407,CN1CCN(c2ccc(C3C=NC4=Nc5cnc(C(=O)O)c(C(F)(F)F)c5C4=C3)cc2)CC1,3.86,455.4,3.85,1,6,3,81.4,1,1,1,0
b2_030,tamgen_b2,-0.6744711399078369,0.37891340255737305,0.9310088157653809,CC(C)[C@H](NS(=O)(=O)c1ccc(-c2ccc(CSc3nc(O)c4c(n3)CCC4)cc2)cc1)C(=O)O,3.01,513.6,4.02,3,7,9,129.5,0,0,1,0
b2_020,tamgen_b2,-0.6524216532707214,0.39056938886642456,0.9399553537368774,CC(C)[C@H](NS(=O)(=O)c1ccc(-c2ccc(CSc3nc(O)c4c(n3)CC=C4)cc2)cc1)C(=O)O,3.24,511.6,4.10,3,7,9,129.5,0,0,1,0
b1_058,tamgen_b1,-0.6478667855262756,0.2854033410549164,0.934306263923645,CN1CCN(c2ccc(C3C=NC4=Nc5cnc(C(=O)O)c(C(F)(F)F)c5C4=C3)cc2)C(=O)C1,4.02,469.4,3.37,1,6,3,98.5,0,1,1,1
b1_023,tamgen_b1,-0.6358590722084045,0.08810093998908997,0.9438058733940125,CN1CCN(c2ccc(Nc3cc(-c4cccc(N5CCc6cc(C7CC7)c(F)c(F)c6C5=O)c4CO)cn(C)c3=O)nc2)CC1,3.28,626.7,4.79,2,7,7,93.9,0,0,1,0
b1_077,tamgen_b1,-0.6173239946365356,0.14303359389305115,0.9301549196243286,CN1CCN(c2ccc(Nc3cc(-c4cccc(-n5ccc6cc(C7CC7)cc(F)c6c5=O)c4CO)cn(C)c3=O)nc2)CC1,3.20,606.7,4.76,2,7,7,95.6,0,0,1,0
b1_104,tamgen_b1,-0.6082617044448853,0.038152918219566345,0.8881850242614746,Cc1c(NC(=O)c2ccc(C(C)(C)C)cc2)cccc1-c1cn(C)c(=O)c(=Nc2ccc(C(=O)N3CCN(C)CC3)cc2)[nH]1,3.00,592.7,4.86,2,5,5,102.8,0,0,1,0
b1_115,tamgen_b1,-0.5648853778839111,0.05171217396855354,0.9268175363540649,CN1CCN(c2ccc(Nc3cc(-c4cccc(N5CCc6cc(C(C)(C)C#N)cc(F)c6C5=O)c4CO)nn(C)c3=O)nc2)CC1,3.39,636.7,3.97,2,9,7,130.6,0,0,1,0
b1_118,tamgen_b1,-0.5594058036804199,0.07943537086248398,0.9278600811958313,CCN1CCN(c2ccc(Nc3cc(-c4cccc(-n5ccc6cc(C7CC7)c(F)c(F)c6c5=O)c4CO)cn(C)c3=O)nc2)CC1,3.31,638.7,5.28,2,7,8,95.6,0,0,1,0
b2_053,tamgen_b2,-0.5534313321113586,0.3649219274520874,0.9320114254951477,CC(C)[C@H](NS(=O)(=O)c1ccc(-c2ccc(CSc3nc(O)c4c(n3)C=CC4)cc2)cc1)C(=O)O,3.27,511.6,4.10,3,7,9,129.5,0,0,1,0
b2_151,tamgen_b2,-0.5472779870033264,0.3748498558998108,0.933575451374054,CC(C)[C@@H](NS(=O)(=O)c1ccc(-c2ccc(CSc3nc(O)c4c(n3)CC=C4)cc2)cc1)C(=O)O,3.24,511.6,4.10,3,7,9,129.5,0,0,1,0
b1_107,tamgen_b1,-0.49302202463150024,0.09655959904193878,0.9265646934509277,CC(O)=Nc1cc(Nc2cc(NC3CC3)n3ncc(C#N)c3n2)ccc1N(C)CCN(C)C(=O)c1c(Cl)cccc1Cl,3.41,606.5,6.04,3,8,10,134.2,1,0,1,0
b1_083,tamgen_b1,-0.4916241765022278,0.16431710124015808,0.951624870300293,CC(O)=NC1=NC2=CC=C(c3cnc(N)c(O[C@@H](C)C(F)(F)F)n3)CN2C1,4.42,382.3,2.32,2,7,3,109.2,1,1,1,0
b1_051,tamgen_b1,-0.47709378600120544,0.49886053800582886,0.9447268843650818,CC(C)(C)c1nc2c([nH]1)c1c(c3cc(F)ccc32)C(=O)N=NC1,3.30,310.3,4.26,1,3,0,70.5,0,1,1,1
b1_122,tamgen_b1,-0.4588906466960907,0.10021165013313293,0.8946709036827087,Cc1c(NC(=O)c2cc3c(s2)CCCC3)cccc1-c1cn(C)c(=O)c(=Nc2ccc([C@@H]3C(=O)N(C)CCN3C)c(Cl)c2)[nH]1,3.91,631.2,5.21,2,6,5,102.8,0,0,1,0
b1_005,tamgen_b1,-0.3913865387439728,0.5875423550605774,0.9608527421951294,CC(C)(C)c1nc2c([nH]1)c1c(c3cc(F)ccc32)C(=O)N=CC1,3.21,309.3,3.92,1,2,0,58.1,0,1,1,1
b2_011,tamgen_b2,-0.3740672469139099,0.6841108202934265,0.961077868938446,COc1ccc(-c2ccc(S(=O)(=O)N[C@H](C(C)C)P(=O)(O)O)cc2)cc1,2.71,399.4,2.80,3,4,7,112.9,1,1,1,0
b1_112,tamgen_b1,-0.3681473135948181,0.2790403962135315,0.9306134581565857,CN1CCN(c2ccc(C3C=NC4=Nc5cnc(C(=O)O)c(C(F)(F)F)c5C4=C3)c(Cl)c2)CC1,3.98,489.9,4.50,1,6,3,81.4,0,1,1,1
b1_027,tamgen_b1,-0.36711299419403076,0.41464799642562866,0.9251209497451782,Cc1c(NC(=O)c2cc3c(s2)CCCC3)cccc1-c1cn(C)c(=O)c(=Nc2ccc(C(=O)N3CCN(C)CC3)cc2)[nH]1,3.16,596.8,4.50,2,6,5,102.8,0,0,1,0
b1_019,tamgen_b1,-0.353092759847641,0.10348378866910934,0.9560579657554626,CC(O)=Nc1cc(Nc2cc(NC3CC3)n3ncc(C#N)c3n2)ccc1C,3.01,361.4,3.84,3,6,5,110.6,1,1,1,0
b1_082,tamgen_b1,-0.34587419033050537,0.11254727840423584,0.9404012560844421,CN1CCN(c2ccc(Nc3cc(-c4cccc(-n5ccc6cc(C7CC7)c(F)cc6c5=O)c4CO)cn(C)c3=O)nc2)CC1,3.17,606.7,4.76,2,7,7,95.6,0,0,1,0
b1_103,tamgen_b1,-0.34183984994888306,0.08228330314159393,0.9158458113670349,CN1CCN(c2ccc(Nc3cc(-c4cccc(N5CCc6cc(C(C)(C)C#N)cc(F)c6C5=O)c4CO)cn(C)c3=O)nc2)CC1,3.38,635.7,4.58,2,8,7,117.7,0,0,1,0
b1_087,tamgen_b1,-0.341100811958313,0.1297776848077774,0.946178138256073,N=C(N)c1ccc(CN2CCN(S(=O)(=O)c3cc4ccc(Cl)cc4s3)CC2=O)c(Cl)c1,2.67,497.4,3.53,2,5,5,107.6,1,1,1,0
b1_086,tamgen_b1,-0.33454757928848267,0.06600601971149445,0.959834098815918,CC(O)=Nc1cc(N=C2C/C(=N\C3CC3)n3ncc(C#N)c3N2)cc(C(F)(F)F)c1,4.02,415.4,4.34,2,5,3,110.9,1,1,1,0
b1_040,tamgen_b1,-0.3291918635368347,0.39887258410453796,0.9244904518127441,Cc1c(NC(=O)c2cc3c(s2)CCCC3)cccc1-c1cn(C)c(=O)c(=Nc2ccc(C(=O)N3CCOCC3)cc2)[nH]1,3.15,583.7,4.59,2,6,5,108.8,0,0,1,0
b2_165,tamgen_b2,-0.3066539466381073,0.5628829598426819,0.9467625617980957,C[C@@H](C(=O)N1CCOCC1)N1CC[C@H](NS(=O)(=O)c2cc(-c3ccc(Cl)s3)sc2C(=O)O)C1=O,3.70,548.1,1.95,2,8,7,133.3,0,0,1,0
b1_137,tamgen_b1,-0.2899037003517151,0.10475117713212967,0.9469056129455566,CCc1[nH]c(=N)[nH]c(=N)c1C#C[C@H](C)c1cc(OC)cc(-c2ccncc2)c1,3.85,373.5,3.09,4,4,4,101.4,1,1,1,0
b2_024,tamgen_b2,-0.2887871265411377,0.13483889400959015,0.9559621810913086,Cc1cc(S(=O)(=O)N(Cc2ccc(C(F)(F)F)cc2)[C@H](C)C(O)=NO)ccc1F,3.10,434.4,4.08,2,4,6,90.2,1,1,1,0
b1_129,tamgen_b1,-0.27806800603866577,0.32761308550834656,0.9260225296020508,CCN(CC)C(=O)c1ccc2c(c1)N=C1C(C(=N)O)=CCC(c3cccc(Cl)c3)=C12,3.12,419.9,5.68,2,3,5,76.8,1,0,1,0
tg_011,tamgen_round1,-0.2674734592437744,0.4747779667377472,0.9214048385620117,CC(C)[C@H](NS(=O)(=O)c1ccccc1)P(=O)(O)C[C@@H](Cc1ccccc1)C(=O)O,3.34,439.5,3.16,3,4,10,120.8,1,1,1,0
b1_120,tamgen_b1,-0.22400864958763123,0.13869813084602356,0.910344123840332,Cc1c(NC(=O)c2cc3c(s2)CCCC3)cccc1-c1cn(C)c(=O)c(=Nc2ccc([C@@H]3C(=O)N(C)CCN3C)cc2Cl)[nH]1,3.90,631.2,5.21,2,6,5,102.8,0,0,1,0
b1_021,tamgen_b1,-0.2222968488931656,0.1094910278916359,0.9453506469726562,CCn1c(C(=O)N(C2CC2)C2CC2)cc2c3c(ncn3C)c(N=c3cc(C)n(C)[nH]3)nc21,3.75,432.5,2.92,1,4,5,89.0,0,1,1,1
b2_003,tamgen_b2,-0.21697726845741272,0.35873693227767944,0.9503136873245239,Cc1cc(S(=O)(=O)N(Cc2ccc(CN)cc2)[C@H](C)C(O)=NO)ccc1F,3.07,395.5,2.52,3,5,7,116.2,1,1,1,0
b1_002,tamgen_b1,-0.21120673418045044,0.21075351536273956,0.9466962218284607,CS(=O)(=O)N1CCN(Cc2cc3nc(-c4ccc(=N)[nH]c4)nc(N4CCOCC4)c3s2)CC1,3.13,489.6,1.08,2,9,5,118.5,0,1,1,1
b2_138,tamgen_b2,-0.1956043392419815,0.44716677069664,0.9478344321250916,CC(C)[C@H](NS(=O)(=O)c1ccc(-c2ccc(CSc3nc(O)c4c(n3)CC=C4)cc2)s1)C(=O)O,3.46,517.7,4.16,3,8,9,129.5,0,0,1,0
b2_093,tamgen_b2,-0.17805823683738708,0.15190692245960236,0.9247186779975891,CCOc1cc(O[C@@H]2CCOC2)c(F)c([C@@H](Nc2ccc(C(=N)N)c(O)c2)C(O)=NS(=O)(=O)c2cccc(N)c2)c1,4.00,587.6,3.46,6,9,11,202.6,1,0,0,0
b1_098,tamgen_b1,-0.1760513037443161,0.5258684754371643,0.958011269569397,CC(C)(C)c1nc2c([nH]1)c1c(c3cc(F)ccc32)C(=O)N=C(CN2CCOCC2)C1,3.19,408.5,3.62,1,4,2,70.6,0,1,1,1
b1_075,tamgen_b1,-0.1639944463968277,0.2549842596054077,0.9349061250686646,CS(=O)(=O)N1CCN(Cc2cc3nc(-c4ccc(=N)[nH]c4)nc(N4CCOCC4)c3s2)C(=O)C1,3.29,503.6,0.61,2,9,5,135.6,0,0,1,0
b1_128,tamgen_b1,-0.16335168480873108,0.12583547830581665,0.9494644403457642,CC(C)c1ccc(N(C)c2cnc3nc(=N)[nH]c(N)c3c2)c(F)c1,3.14,326.4,3.05,3,5,3,94.7,0,1,1,1
b1_017,tamgen_b1,-0.15283286571502686,0.1464485377073288,0.9597020149230957,CC(O)=Nc1cc(Nc2cc(NC3CC3)n3ncc(C#N)c3n2)ccc1N(C)CC(F)(F)F,3.36,458.4,4.53,3,7,7,113.9,1,1,1,0
b1_026,tamgen_b1,-0.14450843632221222,0.3571928143501282,0.9497645497322083,CCn1c(C(=O)N(C2CC2)C2CC2)cc2c3c(ncn3C)c(Nc3nc(C)c(C)s3)nc21,3.10,449.6,4.53,1,6,6,80.9,0,1,1,1
b2_163,tamgen_b2,-0.13606765866279602,0.2798615097999573,0.9455022215843201,Cc1cc(S(=O)(=O)N(Cc2ccc(CN)cc2)[C@H](C)C(O)=NO)c(F)cc1F,3.21,413.4,2.66,3,5,7,116.2,1,1,1,0
b1_111,tamgen_b1,-0.1114366427063942,0.2808860242366791,0.955731987953186,CC(O)=NC1=NC2=CC=C(c3cnc(N)c(C(F)(F)F)c3)CN2C1,3.78,337.3,2.61,2,5,1,87.1,1,1,1,0
b1_127,tamgen_b1,-0.09770238399505615,0.34103429317474365,0.9504625201225281,Cc1cc(S(=O)(=O)N(Cc2ccc(CN)cc2)[C@H](C)C(O)=NO)ccc1F,3.07,395.5,2.52,3,5,7,116.2,1,1,1,0
b1_079,tamgen_b1,-0.09753330051898956,0.13732443749904633,0.9457103610038757,Cn1cc(-c2cccc(N3CCc4c(sc5c4CC(C)(C)C5)C3=O)c2CO)cc(Nc2ccnc(N3CCOCC3)c2)c1=O,3.41,611.8,4.91,2,8,6,99.9,0,0,1,0
b2_107,tamgen_b2,-0.09222018718719482,0.40124815702438354,0.9176523089408875,O=P(O)(O)C(F)(F)c1ccc(C[C@](C/C=C/c2ccccc2)(C(O)=NO)n2nnc3ccccc32)cc1,3.68,528.5,5.05,4,5,9,141.1,1,0,0,0
b2_164,tamgen_b2,-0.08974838256835938,0.13961872458457947,0.9459251761436462,Cc1cc(S(=O)(=O)N(Cc2ccc([N+](=O)[O-])cc2)[C@H](C)C(O)=NO)c(F)cc1F,3.22,429.4,3.11,2,6,7,133.3,1,1,1,0
b2_015,tamgen_b2,-0.08720563352108002,0.19724947214126587,0.9660606384277344,NS(=O)(=O)c1ccc(NC(O)=Nc2c(F)c(F)c(-c3ccccc3)c(F)c2F)c(Cl)c1,2.81,473.8,4.87,3,3,4,104.8,1,1,1,0
b1_045,tamgen_b1,-0.07488548755645752,0.5435993671417236,0.9422961473464966,CN1CCN(c2ccc(C3C=NC4=Nc5cnc(C(=O)O)cc5C4=C3)c(Cl)c2)CC1,3.78,421.9,3.48,1,6,3,81.4,0,1,1,1
b2_127,tamgen_b2,-0.05930769443511963,0.3259802460670471,0.9524257779121399,CC(C)n1c(CC[C@@H](O)C[C@@H](O)CC(=O)O)c(-c2ccc(F)cc2)c2c3ccccc3n(-c3ccc(F)cc3)c(=O)c21,3.59,574.6,5.99,3,4,10,104.7,0,0,1,0
r2_028,tamgen_round2,-0.05299733579158783,0.26667121052742004,0.9570390582084656,COc1cc2c(cc1OC)=C1N=NC(c3ccc(-c4nn[nH]n4)cc3)=C1C=2,3.13,358.4,1.66,1,7,4,97.6,0,1,1,1
b1_125,tamgen_b1,-0.04871824383735657,0.19559627771377563,0.953354001045227,CC(C)n1c(CC[C@@H](O)C[C@@H](O)CC(=O)O)c(-c2ccc(F)cc2)c(-c2ccc(F)cc2)c1C(=O)Nc1ccccc1,3.40,576.6,6.45,4,4,12,111.8,0,0,0,0
b1_119,tamgen_b1,-0.04170584678649902,0.11865756660699844,0.9442353248596191,CN1CCN(c2ccc(Nc3cc(-c4cccc(N5CCc6cc(C(C)(C)C#N)cc(F)c6C5=O)c4CO)n(C)n3)nc2)CC1,3.40,608.7,4.61,2,8,7,113.6,0,0,1,0
b1_116,tamgen_b1,-0.03852355480194092,0.06778185069561005,0.9414902925491333,CCn1c(C(=O)N(C2CC2)C2CC2)cc2c3c(ncn3C)c(N=c3cc(C)[nH]c(=N)[nH]3)nc21,3.81,445.5,2.39,3,5,5,123.7,0,1,1,1
b2_004,tamgen_b2,-0.03464698791503906,0.281496524810791,0.9467912912368774,Cc1cc(S(N)(=O)=O)ccc1NC(=O)COc1ccc(Cl)cc1C(=O)c1cc(Cl)cc(C#N)c1,2.40,518.4,4.07,2,6,7,139.3,0,0,1,0
b1_114,tamgen_b1,-0.023634061217308044,0.12309801578521729,0.9134559035301208,Cc1c(NC(=O)c2ccc(C(C)(C)C)cc2)cccc1-c1cn(C)c(=O)c(=Nc2ccc(C(=O)N3CCO[C@@H](C)C3)cc2)[nH]1,3.51,593.7,5.33,2,5,5,108.8,0,0,1,0
b2_112,tamgen_b2,-0.00654524564743042,0.43930333852767944,0.8983810544013977,CC(C)[C@H](NS(=O)(=O)c1ccc(-c2ccc(CSc3nc(O)c4c(n3)C(C)(C)CC4=O)cc2)cc1)C(=O)O,3.32,555.7,4.39,3,8,9,146.5,0,0,0,0
b1_032,tamgen_b1,0.014084100723266602,0.08011187613010406,0.9535431861877441,CC(O)=Nc1cc(Nc2cc(NC3CC3)n3ncc(C#N)c3n2)cc(C(F)(F)F)c1,3.15,415.4,4.55,3,6,5,110.6,1,1,1,0
b2_079,tamgen_b2,0.01690410077571869,0.32506415247917175,0.94802325963974,CC(C)c1c(C(O)=Nc2ccccc2)c(-c2ccccc2)c(-c2ccc(F)cc2)n1CC[C@@H](O)C[C@@H](O)CC(=O)O,3.57,558.7,6.70,4,4,12,115.3,1,0,0,0
b1_030,tamgen_b1,0.02492646872997284,0.535243570804596,0.958315372467041,Cn1cc(-c2cccc(C(F)(F)F)c2)c2sc(C(N)=NC3CCN(S(C)(=O)=O)CC3)cc2c1=O,3.10,512.6,3.42,1,5,4,97.8,1,0,1,0
b2_099,tamgen_b2,0.03164982795715332,0.2761605381965637,0.939810574054718,COc1cc2c(cc1OS(N)(O)O)CC[C@@H]1[C@@H]2CC[C@]2(C)[C@@H](OS(N)(O)O)CC[C@@H]12,4.47,464.6,4.39,6,9,5,160.7,0,0,0,0
K58,round0_known,0.03515966236591339,0.8109084367752075,0.9683087468147278,C[C@H](c1ccc(cc1)C(=O)O)NC(=O)c2cc(nn2C)c3ccccc3,2.40,349.4,3.28,2,3,5,84.2,0,1,1,1
b1_048,tamgen_b1,0.03521221876144409,0.23848164081573486,0.9116094708442688,Cc1c(NC(=O)c2cc3c(s2)CCCC3)cccc1-c1cn(C)c(=O)c(=Nc2ccc([C@H]3C(=O)N(C)CCN3C)cc2)[nH]1,3.80,596.8,4.56,2,6,5,102.8,0,0,1,0
b1_062,tamgen_b1,0.04077064245939255,0.26437172293663025,0.9449257254600525,CN1CCN(c2ccc(C3C=NC4=Nc5cnc(C(=O)N6CCN(C)C(=O)C6)cc5C4=C3)cc2)CC1,3.81,483.6,2.04,0,7,3,84.7,1,1,1,0
b1_069,tamgen_b1,0.048110008239746094,0.39165860414505005,0.948577880859375,CC(C)n1c(CC[C@@H](O)C[C@@H](O)CC(=O)O)c(-c2ccc(F)cc2)c2c3ccccc3n(-c3ccccc3)c(=O)c21,3.54,556.6,5.85,3,4,10,104.7,0,0,1,0
b2_054,tamgen_b2,0.04827258363366127,0.149261474609375,0.9436237215995789,Cc1cc(S(N)(=O)=O)ccc1NC(=O)COc1ccc(Cl)cc1C(=O)c1cc(Cl)cc(C(F)(F)F)c1,2.43,561.4,5.22,2,5,7,115.6,0,0,1,0
b2_029,tamgen_b2,0.059600830078125,0.3860228657722473,0.9365121722221375,CS(=O)(=O)N1C[C@H](C(=O)Nc2ccc(Cl)cc2)[C@@H](C(O)=Nc2ccc(-n3ccccc3=O)c(F)c2)C1,3.63,533.0,3.36,2,5,6,121.1,1,0,1,0
b1_035,tamgen_b1,0.05997540056705475,0.29444020986557007,0.9478892683982849,CC(C)c1c(C(O)=Nc2ccccc2)c(-c2ccccc2)c(-c2ccc(F)cc2)n1CC[C@@H](O)C[C@@H](O)CC(=O)O,3.57,558.7,6.70,4,4,12,115.3,1,0,0,0
CBR5884,round0_known,0.0696173757314682,0.6291985511779785,0.952357292175293,CCOC(=O)C1=C(C(=C(S1)NC(=O)C2=CC=CO2)SC#N)C,2.72,336.4,3.65,1,7,5,92.3,1,1,1,0
b2_133,tamgen_b2,0.07195209711790085,0.201087087392807,0.9535340666770935,NS(=O)(=O)c1ccc(N=C(O)NS(=O)(=O)c2ccc(F)c(F)c2)c(Cl)c1,2.67,425.8,1.79,3,5,4,138.9,1,1,1,0
b2_139,tamgen_b2,0.08223070204257965,0.4153585731983185,0.9062455296516418,Cc1cc(C)c(S(=O)(=O)N[C@@H](Cc2ccc([C@@H]3CC(O)=NS3(=O)=O)cc2)C(=O)O)c(C)c1,3.63,480.6,2.32,3,5,7,150.2,0,1,0,0
b2_021,tamgen_b2,0.08361437916755676,0.383443683385849,0.963458240032196,CC(C)(C)C(O)=N[C@@H](C(O)=NO)c1ccc(-c2cc(F)c(F)c(F)c2)cc1,3.47,380.4,5.16,3,3,4,85.4,1,0,1,0
b1_080,tamgen_b1,0.0891801118850708,0.0963331013917923,0.9462797045707703,N=C(N)c1ccc([C@H]2[C@H]3C(=O)N(Cc4ccc5c(c4)OCO5)C(=O)[C@H]3[C@@H]3C[C@@H](O)CN32)c(Cl)c1,4.11,482.9,1.64,3,7,4,129.2,1,1,1,0
b1_046,tamgen_b1,0.09404172748327255,0.1658441722393036,0.9491576552391052,CC(O)=Nc1cc(Nc2cc(NC3=NCN(C)C3)n3ncc(C#N)c3n2)ccc1N(C)CCN,3.78,461.5,2.06,4,10,7,155.5,1,1,0,0
b2_057,tamgen_b2,0.09633311629295349,0.4160938560962677,0.9003826975822449,COc1ccc(S(=O)(=O)N(CC(C)C)C[C@@H](O)[C@H](Cc2ccccc2)N=C(O)c2cccc(O)c2O)cc1,3.52,542.7,3.73,4,7,12,139.9,1,0,0,0
b2_159,tamgen_b2,0.09728135168552399,0.1880035698413849,0.9373960494995117,O=C1[C@@H](NS(=O)(=O)c2ccc3cc(Cl)ccc3c2)CCN1c1ccc([C@H]2CCCN2)c(F)c1,3.33,488.0,4.14,2,4,5,78.5,0,1,1,1
b2_043,tamgen_b2,0.11136171221733093,0.20668405294418335,0.9549581408500671,Cc1cc(S(=O)(=O)N(Cc2cccc(CN)c2)[C@H](C)C(O)=NO)ccc1F,3.12,395.5,2.52,3,5,7,116.2,1,1,1,0
b1_117,tamgen_b1,0.11447858810424805,0.08941251039505005,0.9404484033584595,CC(O)=Nc1cc(-c2ccc(N(C)C(=O)c3c(F)cccc3Cl)c(N3C[C@H]4C[C@H]4C3)c2)n(C(C)C)n1,4.07,510.0,6.26,1,4,6,74.0,1,0,1,0
b1_020,tamgen_b1,0.11980536580085754,0.2602021396160126,0.9201076626777649,Cc1c(NC(=O)c2cc3c(s2)CCCC3)cccc1-c1cn(C)c(=O)c(=Nc2ccc([C@@H]3C(=O)N(C)CCN3C)cc2)[nH]1,3.80,596.8,4.56,2,6,5,102.8,0,0,1,0
b2_026,tamgen_b2,0.12018817663192749,0.40860897302627563,0.9487301111221313,CC(C)n1c(CC[C@@H](O)C[C@@H](O)CC(=O)O)c(-c2ccc(F)cc2)c2c3ccccc3n(-c3ccccc3)c(=O)c21,3.54,556.6,5.85,3,4,10,104.7,0,0,1,0
b2_018,tamgen_b2,0.13117122650146484,0.2526942491531372,0.9570972323417664,NS(=O)(=O)c1ccc(NC(O)=Nc2c(F)c(F)c(-c3ccccc3)c(F)c2F)c(F)c1,2.82,457.4,4.35,3,3,4,104.8,1,1,1,0
b1_072,tamgen_b1,0.13171543180942535,0.2415105700492859,0.9452468752861023,CC(O)=Nc1cc(Nc2cc(NC3CC3)n3ncc(C#N)c3n2)ccc1N(C)CC[C@H](N)C(=O)O,3.78,477.5,2.76,5,9,10,177.2,1,1,0,0
b2_092,tamgen_b2,0.1341497004032135,0.23493438959121704,0.9610679745674133,CC(C)c1c(C(O)=Nc2c(F)c(F)c(-c3ccccc3)c(F)c2F)c(O)nn1C,3.17,407.4,5.11,2,3,4,70.6,1,0,1,0
b2_161,tamgen_b2,0.1397717297077179,0.11018037796020508,0.9600974321365356,O=C1[C@@H](NS(=O)(=O)c2ccc3cc(Cl)ccc3c2)CCN1c1ccc2c(c1F)CCNC2,3.21,474.0,3.36,2,4,4,78.5,0,1,1,1
b2_064,tamgen_b2,0.15153731405735016,0.4356610178947449,0.901384174823761,CC(C)[C@H](C(=O)O)N(CCN=C(O)c1ccccc1)S(=O)(=O)c1ccc(-c2ccc(C(=O)O)o2)cc1,3.21,514.6,3.75,3,6,11,157.7,1,0,0,0
b2_109,tamgen_b2,0.15229381620883942,0.6118200421333313,0.9206554293632507,N=c1nc(O)c2ncn([C@H]3C[C@H](O)[C@@H](COP(=O)(O)C(F)(F)P(=O)(O)C(F)(F)P(=O)(O)O)O3)c2[nH]1,5.23,575.2,0.34,8,10,8,261.4,1,0,0,0
b2_122,tamgen_b2,0.15641766786575317,0.36199235916137695,0.944079577922821,COC(=O)Nc1ccc(-c2ccnc([C@H](Cc3ccccc3)N=C(O)[C@H]3CC[C@H](CN)CC3)c2)c(Cl)c1,3.36,521.1,6.59,3,5,8,109.8,1,0,1,0
b1_013,tamgen_b1,0.15776517987251282,0.15786930918693542,0.9592700004577637,CC(O)=Nc1cc(Nc2cc(NC3=NCN(C)C3)n3ncc(C#N)c3n2)ccc1C,3.54,403.5,2.97,3,8,4,126.2,1,1,1,0
b1_081,tamgen_b1,0.17142421007156372,0.2421749234199524,0.9516772627830505,Cc1cc(Nc2cc([C@@H]3CCCNC3)nc3c(-c4cnn(C)c4)cnn23)sn1,3.62,394.5,3.11,2,7,4,85.0,0,1,1,1
b1_101,tamgen_b1,0.17330774664878845,0.20815998315811157,0.9325684905052185,CC(C)n1c(CC[C@@H](O)C[C@@H](O)CC(=O)O)c(-c2ccc(F)cc2)c(-c2ccc(F)cc2)c1C(=N)O,3.57,500.5,5.08,5,4,11,126.8,1,0,0,0
b2_007,tamgen_b2,0.1780441701412201,0.42874839901924133,0.9272701144218445,NS(=O)(=O)c1ccc(NC(O)=Nc2c(F)c(F)c(-c3ccccc3)c(F)c2F)c(C(=O)O)c1,2.83,483.4,3.91,4,4,5,142.1,1,1,0,0
b2_025,tamgen_b2,0.1878831684589386,0.16219164431095123,0.9482669830322266,Cc1cc(S(=O)(=O)N(Cc2ccc([N+](=O)[O-])cc2)[C@H](C)C(O)=NO)ccc1F,3.08,411.4,2.97,2,6,7,133.3,1,1,1,0
b1_140,tamgen_b1,0.1940661072731018,0.21490150690078735,0.9378159642219543,CN(C)C(=O)c1cc2c(cn1)N=C1N=CC(c3ccc(N4CCN(C)C(C)(C)C4=O)cc3)C=C12,4.05,456.6,3.14,0,6,3,81.5,0,1,1,1
b1_006,tamgen_b1,0.1994694471359253,0.3502279222011566,0.9525704383850098,CS(=O)(=O)N1CCN(Cc2cc3nc(-c4cccc(CO)c4)nc(N4CCOCC4)c3s2)CC1,2.70,503.7,1.76,1,9,6,99.1,0,0,1,0
b1_076,tamgen_b1,0.19972452521324158,0.2869569659233093,0.9570183753967285,CN(C)CCOc1ccc(-c2cc(C(=N)O)c(NC(=N)O)s2)c(Cl)c1,2.98,382.9,3.80,5,5,7,112.7,1,1,1,0
b2_072,tamgen_b2,0.203046053647995,0.5890611410140991,0.9032854437828064,N=c1nc(O)c2ncn([C@H]3CC[C@@H](COP(=O)(O)OP(=O)(O)OP(=O)(O)O)O3)c2[nH]1,4.74,491.2,-0.03,7,11,8,259.6,1,0,0,0
b1_038,tamgen_b1,0.20430773496627808,0.22758015990257263,0.9458765983581543,CC(C)c1ccc(N(C)c2cnc3nc(=N)[nH]c(N)c3c2)cc1,3.00,308.4,2.91,3,5,3,94.7,0,1,1,1
b1_009,tamgen_b1,0.2094600647687912,0.5664932131767273,0.9571976065635681,CN1CCN(c2ccc(C3C=NC4=Nc5cnc(C(=O)O)cc5C4=C3)c(F)c2)CC1,3.77,405.4,2.97,1,6,3,81.4,0,1,1,1
b2_160,tamgen_b2,0.21712467074394226,0.06146666780114174,0.9524686932563782,O=C1[C@@H](NS(=O)(=O)c2ccc3cc(Cl)ccc3c2)CCN1c1ccc([C@H]2CCC(O)=N2)cc1F,3.60,502.0,4.51,2,4,5,99.1,0,0,1,0
r2_008,tamgen_round2,0.21857035160064697,0.25367239117622375,0.9546768069267273,O=S(=O)(N1CCc2cc(O)ccc2C1)C(F)(F)F,2.53,281.3,1.60,1,3,1,57.6,0,1,1,1
b1_131,tamgen_b1,0.21945726871490479,0.10882686823606491,0.9385323524475098,CC(O)=Nc1cc(Nc2cc(NC3CC3)n3ncc(C#N)c3n2)ccc1N(C)CCN(C)C(=O)C(F)(F)F,3.49,529.5,3.98,3,8,9,134.2,1,0,1,0
b1_108,tamgen_b1,0.2265971302986145,0.14386773109436035,0.9462425112724304,CC(O)=Nc1cc(Nc2cc(NC3CC3)n3ncc(C#N)c3n2)ccc1N(C)C[C@H](N)C(=O)O,3.82,463.5,2.37,5,9,9,177.2,1,1,0,0
b1_070,tamgen_b1,0.22760900855064392,0.5478298664093018,0.95635586977005,CN(C)CCOc1ccc(-c2cc(C(=N)O)c(NC(=N)O)s2)cc1,2.82,348.4,3.14,5,5,7,112.7,1,1,1,0
b1_138,tamgen_b1,0.23264332115650177,0.18460264801979065,0.9326440095901489,CC(O)=Nc1cc(Nc2cc(NC3CC3)n3ncc(C#N)c3n2)cc(C(=O)N(C)C)c1,3.12,418.5,3.23,3,7,6,130.9,1,1,1,0
b2_116,tamgen_b2,0.23295742273330688,0.1782619208097458,0.9223631024360657,COc1ccc(S(=O)(=O)N(Cc2cccnc2)[C@H](C(O)=NO)C(C)C)cc1,3.01,393.5,2.65,2,6,8,112.3,1,1,1,0
b1_126,tamgen_b1,0.23813486099243164,0.25321224331855774,0.9388390779495239,CN1CCN(c2ccc(C3C=NC4=Nc5cnc(C(=O)N(C)C)c(F)c5C4=C3)cc2)CC1,3.84,432.5,2.97,0,6,3,64.4,1,1,1,0
tg_014,tamgen_round1,0.2452394664287567,0.3686838746070862,0.9502239227294922,COc1ccc(C(=O)CC(=O)C(F)(F)F)cc1,1.95,246.2,2.40,0,3,4,43.4,1,1,1,0
b1_054,tamgen_b1,0.24868959188461304,0.42464232444763184,0.9415367245674133,CN1CCN(c2ccc(C3C=NC4=Nc5cnc(C(=O)O)c(Cl)c5C4=C3)cc2)CC1,3.79,421.9,3.48,1,6,3,81.4,1,1,1,0
b2_097,tamgen_b2,0.2515271306037903,0.35676825046539307,0.9522868990898132,CS(=O)(=O)N1C[C@H](C(=O)Nc2ccc(Cl)cc2)[C@@H](C(O)=Nc2ccc(-n3ccccc3=O)c(F)c2F)C1,3.77,551.0,3.50,2,5,6,121.1,1,0,1,0
b1_136,tamgen_b1,0.26188915967941284,0.10674025118350983,0.9261687397956848,CCc1[nH]c(=N)[nH]c(=N)c1C#C[C@H](C)c1cc(OC)cc(-c2ccnc(C(=O)N(C)C)c2)c1,3.94,444.5,2.79,4,5,5,121.7,1,1,1,0
b1_097,tamgen_b1,0.2779179811477661,0.1701294481754303,0.9322394728660583,CN1CCN(c2ccc(Nc3cc(-c4cccc(N5CCc6cc(C(C)(C)C#N)cc(F)c6C5=O)n4)cn(C)c3=O)nc2)CC1,3.33,606.7,4.48,1,8,6,110.4,0,0,1,0
b1_044,tamgen_b1,0.28279227018356323,0.28010329604148865,0.948475182056427,CN1CCN(C(=O)c2cc3c(cn2)N=C2N=CC(c4ccc(N5CCN(C)CC5)cc4)C=C23)CC1,3.67,469.6,2.52,0,7,3,67.6,1,1,1,0
b1_047,tamgen_b1,0.2830962836742401,0.1827748417854309,0.9316864013671875,CN1CCN(c2ccc(C3C=NC4=Nc5cnc(C(=O)N(C)C)cc5C4=C3)cc2)C(=O)C1,3.86,428.5,2.36,0,6,3,81.5,0,1,1,1
b1_109,tamgen_b1,0.2833747863769531,0.22235362231731415,0.9513927698135376,CN1CCN(c2ccc(C3C=NC4=Nc5cnc(C(N)=O)cc5C4=C3)cc2)CC1,3.69,386.5,2.23,1,6,3,87.2,1,1,1,0
b1_078,tamgen_b1,0.2834104597568512,0.11677280068397522,0.9458519220352173,Cn1cc(-c2cccc(N3CCc4c(sc5c4CC(C)(C)C5)C3=O)c2CO)cc(Nc2ccncn2)c1=O,3.34,527.7,4.47,2,7,5,100.3,0,0,1,0
b2_128,tamgen_b2,0.2859637439250946,0.24815461039543152,0.9494131207466125,CC(C)n1c(CC[C@@H](O)C[C@@H](O)CC(=O)O)c(-c2ccc(F)cc2)c(-c2ccc(F)cc2)c1C(=O)Nc1ccccc1,3.40,576.6,6.45,4,4,12,111.8,0,0,0,0
b2_063,tamgen_b2,0.2983035743236542,0.33963969349861145,0.8928430676460266,CC(C)[C@H](C(=O)O)N(CCN=C(O)c1ccccc1)S(=O)(=O)c1ccc(-c2ccc(C(=O)O)cc2)cc1,3.03,524.6,4.16,3,5,11,144.6,1,0,0,0
b2_049,tamgen_b2,0.29888418316841125,0.1377314329147339,0.9523536562919617,Cc1cc(S(=O)(=O)N(Cc2cccnc2)[C@H](C)C(O)=NO)ccc1F,3.11,367.4,2.45,2,5,6,103.1,1,1,1,0
b2_147,tamgen_b2,0.2993355393409729,0.531730592250824,0.9297280311584473,N=c1nc(O)c2ncn([C@H]3C[C@H](O)[C@@H](COP(=O)(O)OP(=O)(O)C(F)(F)P(=O)(O)O)O3)c2[nH]1,5.00,541.2,-0.36,8,11,8,270.6,1,0,0,0
b2_129,tamgen_b2,0.3079707622528076,0.3795889914035797,0.9564652442932129,CC(C)n1c(CC[C@@H](O)C[C@@H](O)CC(=O)O)c(-c2ccc(F)cc2)c2c1C(=O)N(c1ccccc1)CCC2,3.57,522.6,4.99,3,4,10,103.0,0,0,1,0
b2_071,tamgen_b2,0.31146514415740967,0.22482118010520935,0.9263002276420593,COc1ccc(S(=O)(=O)N2CC(C)(C)CN(S(=O)(=O)c3ccc(OC)cc3)C2C(O)=NO)cc1,2.91,513.6,2.10,2,8,7,146.0,1,0,0,0
b1_105,tamgen_b1,0.31162339448928833,0.0977233499288559,0.9588861465454102,N=C(N)c1ccc([C@H]2[C@H]3C(=O)N(Cc4ccc5c(c4)OCO5)C(=O)[C@H]3[C@@H]3C[C@@H](O)CN32)c(F)c1,4.12,466.5,1.13,3,7,4,129.2,1,1,1,0
b2_141,tamgen_b2,0.33565694093704224,0.44184553623199463,0.9506773352622986,N=c1nc(O)c2ncn([C@H]3C[C@H](O)[C@@H](COP(=O)(O)OP(=O)(O)C(Cl)(Cl)P(=O)(O)O)O3)c2[nH]1,5.05,574.1,0.18,8,11,8,270.6,1,0,0,0
tg_008,tamgen_round1,0.3407995104789734,0.552780032157898,0.9646096229553223,C[C@H](N=C(O)CCc1nc(O)c2ccccc2n1)c1ccc(S(N)(=O)=O)cc1,3.16,400.5,2.63,3,6,6,138.8,1,1,1,0
b2_135,tamgen_b2,0.3462742269039154,0.2659919559955597,0.9615851640701294,NS(=O)(=O)c1ccc(NC(O)=Nc2c(F)c(F)c(F)c(F)c2F)c(Cl)c1,2.90,415.7,3.34,3,3,3,104.8,1,1,1,0
b2_061,tamgen_b2,0.3474971055984497,0.18874616920948029,0.942460834980011,O=C1[C@@H](NS(=O)(=O)c2ccc3cc(Cl)ccc3c2)CCN1c1ccc([C@H]2CCCN2)cc1F,3.33,488.0,4.14,2,4,5,78.5,0,1,1,1
b2_150,tamgen_b2,0.3491501212120056,0.37037792801856995,0.9299284219741821,CS(=O)(=O)N1C[C@H](C(=O)Nc2ccc(Cl)c(Cl)c2)[C@@H](C(O)=Nc2ccc(-n3ccccc3=O)c(F)c2)C1,3.70,567.4,4.02,2,5,6,121.1,1,0,1,0
b1_090,tamgen_b1,0.35027045011520386,0.42428070306777954,0.9371705055236816,CN1CCN(c2ccc(C3C=NC4=Nc5cnc(C(=O)O)c(F)c5C4=C3)cc2)CC1,3.80,405.4,2.97,1,6,3,81.4,1,1,1,0
r2_029,tamgen_round2,0.352780818939209,0.36735525727272034,0.9617666602134705,N=C(O)Nc1cc(-c2cccc(F)c2)sc1C(=O)N[C@H]1CCCNC1,3.20,362.4,2.94,5,4,4,97.2,1,1,1,0
b2_082,tamgen_b2,0.3666548728942871,0.1712574064731598,0.9449394345283508,Cc1cc(S(N)(=O)=O)ccc1NC(=O)COc1ccc(Cl)cc1C(=O)c1cc(F)cc(C(F)(F)F)c1,2.43,544.9,4.70,2,5,7,115.6,0,0,1,0
b2_130,tamgen_b2,0.38297396898269653,0.23174232244491577,0.941625714302063,COc1ccc(S(=O)(=O)N2CCN(C(=O)OCc3ccccc3)C[C@@H]2C(O)=NO)cc1,2.88,449.5,2.05,2,7,6,129.0,1,1,1,0
b2_140,tamgen_b2,0.38912397623062134,0.5288677215576172,0.9117829203605652,N=c1nc(O)c2ncn([C@H]3CC[C@@H](COP(=O)(O)OP(=O)(O)NP(=O)(O)O)O3)c2[nH]1,4.96,490.2,-0.46,8,10,8,262.4,1,0,0,0
b1_123,tamgen_b1,0.389730840921402,0.10318735241889954,0.9392973184585571,CC(C)c1c(C(O)=Nc2ccccc2)c(-c2ccccc2)c(-c2ccc(F)cc2)n1CC[C@@H](O)C[C@@H](O)CC(=N)O,3.75,557.7,7.15,5,4,12,122.1,1,0,0,0
b2_040,tamgen_b2,0.39059701561927795,0.33983540534973145,0.9290215373039246,O=P(O)(O)C(F)(F)c1ccc(C[C@](C/C=C/c2ccccc2)(c2nc3ccccc3s2)n2nnc3ccccc32)cc1,3.60,602.6,7.36,2,5,9,101.1,1,0,1,0
b2_142,tamgen_b2,0.39447975158691406,0.22908174991607666,0.9456243515014648,CS(=O)(=O)N1C[C@H](C(=O)Nc2ccc(Cl)cc2)[C@@H](C(O)=Nc2ccc(-n3ccc(O)nc3=O)cc2F)C1,3.91,550.0,2.46,3,7,6,154.2,1,0,0,0
b2_148,tamgen_b2,0.39587682485580444,0.3606404662132263,0.9486695528030396,CC(C)n1c(CC[C@@H](O)C[C@@H](O)CC(=O)O)c(-c2ccc(F)cc2)c2c3ccccc3n(Cc3ccccc3)c(=O)c21,3.51,570.7,5.91,3,4,11,104.7,0,0,0,0
b2_115,tamgen_b2,0.3973400890827179,0.23001103103160858,0.9448744058609009,NS(=O)(=O)c1ccc(N=C(O)NS(=O)(=O)c2ccc(F)c(F)c2)c(C(=O)O)c1,2.68,435.4,0.83,4,6,5,176.2,1,1,0,0
b1_142,tamgen_b1,0.39765286445617676,0.17896388471126556,0.942112922668457,CN1CCN(c2ccc(C3C=NC4=Nc5cnc(C(=O)N6CC[C@H](N(C)C)C6)cc5C4=C3)cc2)C(=O)C1,4.17,497.6,2.43,0,7,4,84.7,0,1,1,1
b2_152,tamgen_b2,0.40168747305870056,0.5288195610046387,0.9501540064811707,CS(=O)(=O)N1C[C@H](C(=O)Nc2ccc(Cl)c(Cl)c2)[C@@H](C(O)=Nc2ccc(-n3ccccc3=O)c(Cl)c2)C1,3.70,583.9,4.53,2,5,6,121.1,1,0,1,0
b2_016,tamgen_b2,0.412666380405426,0.22379979491233826,0.952516496181488,NS(=O)(=O)c1ccc(NC(O)=Nc2c(F)c(F)c(F)c(F)c2F)cc1,2.76,381.3,2.69,3,3,3,104.8,1,1,1,0
b2_098,tamgen_b2,0.4221532940864563,0.48209285736083984,0.9281155467033386,CC(C)[C@H](NS(=O)(=O)c1ccc(-c2ccc(CSc3nc(O)c4c(n3)CC=N4)cc2)cc1)C(=O)O,3.32,512.6,3.79,3,8,9,141.8,0,0,0,0
b1_124,tamgen_b1,0.42592352628707886,0.1845298856496811,0.9546381235122681,CC(C)c1c(C(O)=Nc2ccccc2)c(-c2ccccc2)c(-c2ccc(F)cc2)n1CCC[C@@H](O)C[C@@H](O)CC(=O)O,3.59,572.7,7.09,4,4,13,115.3,1,0,0,0
b2_027,tamgen_b2,0.43055617809295654,0.300708144903183,0.9019458889961243,CC(C)[C@H](NS(=O)(=O)c1ccc(-c2ccc(CSc3nc(O)c4c(n3)C(C)(C)OC4=O)cc2)cc1)C(=O)O,3.34,557.7,3.93,3,9,9,155.8,0,0,0,0
b2_012,tamgen_b2,0.4376177191734314,0.4299648106098175,0.9334079623222351,NS(=O)(=O)c1ccc(C(=O)N2CCc3cc(O)c(O)cc3[C@H]2c2ccc(O)c(O)c2)cc1,2.92,456.5,1.94,5,7,3,161.4,1,1,0,0
b1_000,tamgen_b1,0.44998180866241455,0.5315178632736206,0.9470659494400024,CC(O)=Nc1cc(Nc2cc(NC3CC3)n3ncc(C#N)c3n2)ccc1N(C)CCN(C)C,3.28,447.5,3.52,3,8,9,117.1,1,1,1,0
b2_113,tamgen_b2,0.4523169994354248,0.3098888695240021,0.9541110992431641,CC(C)n1c(CC[C@@H](O)C[C@@H](O)CC(=O)O)c(-c2ccc(F)cc2)c(-c2ccccc2)c1C(=N)O,3.52,482.6,4.94,5,4,11,126.8,1,1,0,0
b2_153,tamgen_b2,0.4528231620788574,0.33401376008987427,0.9550525546073914,CS(=O)(=O)N1C[C@H](C(=O)Nc2ccc(Cl)c(Cl)c2)[C@@H](C(O)=Nc2ccc(-n3ccccc3=O)cc2F)C1,3.68,567.4,4.02,2,5,6,121.1,1,0,1,0
b2_090,tamgen_b2,0.4536536633968353,0.22184032201766968,0.9341791272163391,NS(=O)(=O)c1ccc(N=C(O)NS(=O)(=O)c2ccc(F)cc2)c(C(=O)O)c1,2.56,417.4,0.70,4,6,5,176.2,1,1,0,0
r2_007,tamgen_round2,0.45737749338150024,0.5989624261856079,0.9642942547798157,N=C(O)Nc1sc(-c2ccc(Cl)cc2)cc1C(=N)O,2.81,295.8,3.86,5,3,3,100.2,1,1,1,0
b1_043,tamgen_b1,0.45747488737106323,0.30899351835250854,0.9583526849746704,CN1CCN(c2ccc(C3C=NC4=Nc5cnc(C(=O)N(C)C)cc5C4=C3)cc2)CC1,3.70,414.5,2.83,0,6,3,64.4,1,1,1,0
b1_061,tamgen_b1,0.458376407623291,0.22092942893505096,0.9498535394668579,CN1CCN(c2ccc(C3C=NC4=Nc5cnc(C(=O)N6CC[C@H](N(C)C)C6)cc5C4=C3)cc2)CC1,4.03,483.6,2.90,0,7,4,67.6,1,1,1,0
r2_003,tamgen_round2,0.45956671237945557,0.13349126279354095,0.9514297842979431,Cc1cc(S(=O)(=O)N(Cc2cccnc2)[C@@H](C)C(O)=NO)ccc1F,3.11,367.4,2.45,2,5,6,103.1,1,1,1,0
b1_099,tamgen_b1,0.4606955945491791,0.18459853529930115,0.9537097811698914,CC(C)c1c(S(=O)(=O)N2CCOCC2)c(-c2ccccc2)c(-c2ccc(F)cc2)n1CC[C@@H](O)C[C@@H](O)CC(=O)O,3.53,588.7,4.08,3,6,12,129.3,0,0,0,0
r2_067,tamgen_round2,0.4654088020324707,0.5293066501617432,0.9522804617881775,CCCSCc1cc(N)cc2c(O)nc(=N)[nH]c12,3.32,264.4,1.97,4,5,4,98.8,1,1,1,0
b2_119,tamgen_b2,0.46704357862472534,0.13805201649665833,0.958611011505127,CC(C)n1c(CC[C@@H](O)C[C@@H](O)CC(=O)O)c(-c2ccc(F)cc2)c(-c2ccc(F)cc2)c1C(=O)N1CCOCC1,3.56,570.6,4.67,3,5,11,112.2,0,0,0,0
b2_087,tamgen_b2,0.47001218795776367,0.22175553441047668,0.9361497759819031,CC(C)n1c(CC[C@@H](O)C[C@@H](O)CC(=O)O)c(-c2ccc(F)cc2)c(-c2ccc(F)cc2)c1C(=N)O,3.57,500.5,5.08,5,4,11,126.8,1,0,0,0
tg_006,tamgen_round1,0.4791901707649231,0.36370640993118286,0.9078285098075867,CC(C)N(Cc1ccccc1OCCCCCC(=O)O)C(=O)c1ccc(-c2ccsc2)cc1,2.31,465.6,6.49,1,4,12,66.8,1,0,0,0
b1_056,tamgen_b1,0.48353633284568787,0.3102680742740631,0.953847348690033,CN1CCN(c2ccc(C3C=NC4=Nc5cnc(C(F)(F)F)cc5C4=C3)cc2)CC1,3.72,411.4,4.15,0,5,2,44.1,1,1,1,0
b2_137,tamgen_b2,0.4967607855796814,0.3010149300098419,0.8879634737968445,CC(C)[C@H](NS(=O)(=O)c1ccc(-c2ccccc2)cc1)P(=O)(O)C[C@H](C(=O)O)c1cccc(C(=N)N)c1,3.62,543.6,4.04,5,5,11,170.6,1,0,0,0
b2_110,tamgen_b2,0.513130247592926,0.4105067253112793,0.9491859674453735,N=c1nc(O)c2ncn([C@H]3C[C@H](O)[C@@H](COP(=O)(O)NP(=O)(O)C(Cl)(Cl)P(=O)(O)O)O3)c2[nH]1,5.25,573.1,-0.25,9,10,8,273.4,1,0,0,0
b2_041,tamgen_b2,0.5235534906387329,0.35951006412506104,0.9301196336746216,COc1ccc(S(=O)(=O)N(CC(C)C)C[C@@H](O)[C@H](Cc2ccccc2)N=C(O)c2cccc(O)c2C)cc1,3.50,540.7,4.33,3,6,12,119.7,1,0,0,0
b2_146,tamgen_b2,0.5248879790306091,0.4279794991016388,0.9299141764640808,O=S(=O)(N[C@@H](Cc1ccc([C@@H]2CC(O)=NS2(=O)=O)cc1)C1=N[C@H](Cc2ccccc2F)C=N1)c1cccc(F)c1,4.39,586.6,3.68,2,6,9,137.6,0,0,1,0
b1_106,tamgen_b1,0.5274308919906616,0.24185620248317719,0.9412016272544861,CC(O)=Nc1cc(Nc2cc(NC3CC3)n3ncc(C#N)c3n2)ccc1N(C)CCN(C)C(=O)[C@H](C)N,3.86,504.6,2.77,4,9,10,160.2,1,0,0,0
b1_100,tamgen_b1,0.5286260843276978,0.13739237189292908,0.9563738107681274,CC(C)c1c(S(=O)(=O)N2CCN(C)CC2)c(-c2ccccc2)c(-c2ccc(F)cc2)n1CC[C@@H](O)C[C@@H](O)CC(=O)O,3.55,601.7,4.00,3,6,12,123.3,0,0,0,0
b1_016,tamgen_b1,0.5327359437942505,0.3333553671836853,0.9506848454475403,CC(O)=Nc1cc(Nc2cc(NC3CC3)n3ncc(C#N)c3n2)ccc1N(C)CCCN(C)C,3.28,461.6,3.91,3,8,10,117.1,1,1,1,0
b1_015,tamgen_b1,0.5337654948234558,0.2733301520347595,0.9292739033699036,N#Cc1cc(Cl)cc(Oc2c(Cl)ccc(CNC(=O)C3=NC=NC3Cl)c2F)c1,3.60,439.7,4.46,1,5,5,86.8,1,1,1,0
r2_064,tamgen_round2,0.5385687351226807,0.44451409578323364,0.9054780006408691,CC(C)[C@H](N=C(O)OCc1ccccc1)P(=O)(O)O[C@H](C(=O)O)c1cccc(CN)c1,3.90,450.4,3.59,4,6,10,151.7,1,1,0,0
b2_047,tamgen_b2,0.5410787463188171,0.49157270789146423,0.9440063834190369,COc1ccc2c(c1)cc(C(O)=NS(=O)(=O)c1ccc(C(C)(C)C)cc1)n2CC(=O)O,2.63,444.5,3.73,2,4,6,118.2,1,1,1,0
b1_028,tamgen_b1,0.5411427617073059,0.1725904941558838,0.8975871205329895,Cc1c(NC(=O)c2ccc(C(C)(C)C)cc2)cccc1-c1cn(C)c(=O)c(=Nc2ccc(C(=N)N)cc2)[nH]1,2.96,508.6,4.76,4,4,5,129.1,1,0,1,0
b1_110,tamgen_b1,0.5484049320220947,0.3250289261341095,0.9280794262886047,CN1CCc2nc(C(=O)N3CCN(S(=O)(=O)c4ccc5cc(Cl)ccc5c4)C[C@H]3C(=N)O)sc2C1,3.42,534.1,2.99,2,7,4,117.9,1,0,1,0
HMT,round0_known,0.5493262410163879,0.32460901141166687,0.9314315915107727,COC(=O)C[C@](O)(CCCC(C)(C)O)C(=O)O[C@H]1[C@H]2c3cc4OCOc4cc3CCN5CCC[C@]25C=C1OC,4.98,545.6,2.58,2,10,9,124.0,0,0,1,0
b1_141,tamgen_b1,0.5527104139328003,0.20199927687644958,0.9404922723770142,CN1CCN(c2ccc(C3C=NC4=Nc5cnc(C(=O)N6CC[C@@H](N(C)C)C6)cc5C4=C3)cc2)C(=O)C1,4.17,497.6,2.43,0,7,4,84.7,0,1,1,1
b1_093,tamgen_b1,0.5547870397567749,0.12829433381557465,0.926648736000061,N=C(N)c1ccc(CN2CCN(S(=O)(=O)c3cc4ccc(Cl)cc4s3)CC2=O)c(F)c1,2.68,481.0,3.01,2,5,5,107.6,1,1,1,0
b2_081,tamgen_b2,0.5571187138557434,0.32883191108703613,0.9249796867370605,COc1ccc2c(c1)c(CC(=O)O)c(C)n2C(=O)c1ccc(Cl)c(Cl)c1,2.19,392.2,4.58,1,3,4,68.5,0,1,1,1
b2_039,tamgen_b2,0.5614755153656006,0.35531821846961975,0.9093610644340515,CC(C)[C@H](NS(=O)(=O)c1ccc(-c2ccccc2)cc1)P(=O)(O)C[C@H](C(=O)O)c1cccc(CN)c1,3.54,530.6,4.21,4,5,11,146.8,1,0,0,0
b1_034,tamgen_b1,0.5682533979415894,0.3869451880455017,0.9369277358055115,CN1CCc2nc(C(=O)N3CCN(S(=O)(=O)c4ccc5cc(Cl)ccc5c4)C[C@@H]3C(=N)O)sc2C1,3.42,534.1,2.99,2,7,4,117.9,1,0,1,0
b1_007,tamgen_b1,0.5726050138473511,0.38874027132987976,0.9559001326560974,CN1CCN(c2ccc(C3C=NC4=Nc5cnc(C(=O)O)cc5C4=C3)cc2)C(=O)C1(C)C,4.02,429.5,3.13,1,6,3,98.5,0,1,1,1
r2_034,tamgen_round2,0.5770092606544495,0.5872366428375244,0.9541007280349731,C[C@]12CCc3c(ccc4cc(O)ccc34)[C@@H]1CCC2=O,3.26,266.3,3.94,1,2,0,37.3,0,1,1,1
WQ2101,round0_known,0.5837525129318237,0.6284650564193726,0.9273731112480164,C1=CC(=C(C=C1[N+](=O)[O-])/C=N\NC(=O)C2=C(C=C(C=C2)O)O)O,2.32,317.3,1.48,4,7,4,145.3,1,1,0,0
b2_070,tamgen_b2,0.5882382988929749,0.5572695136070251,0.9074179530143738,N=c1nc(O)c2ncn([C@H]3C[C@H](O)[C@@H](COP(=O)(O)CP(=O)(O)OP(=O)(O)O)O3)c2[nH]1,4.99,505.2,-0.95,8,11,8,270.6,1,0,0,0
b2_114,tamgen_b2,0.5884119272232056,0.3476792275905609,0.9030798077583313,CC(C)[C@H](C(=O)O)N(CCN=C(O)c1ccccc1)S(=O)(=O)c1ccc(-c2cccc(C(=O)O)c2)cc1,3.07,524.6,4.16,3,5,11,144.6,1,0,0,0
tg_001,tamgen_round1,0.5982728004455566,0.3429591655731201,0.9316507577896118,CC(C)N(Cc1ccccc1OCCCCCC(=O)O)C(=O)c1ccc(-c2ccccc2)cc1,2.10,459.6,6.43,1,3,12,66.8,1,0,0,0
b2_010,tamgen_b2,0.6025528907775879,0.10641247034072876,0.9057146906852722,CC(C)[C@H](C)n1cc(-c2cc(C(C)(C)O)n(C)n2)c2[nH][nH]c(=N)c2c1=O,4.15,358.4,1.98,4,4,4,115.5,0,1,1,1
b1_094,tamgen_b1,0.6105166673660278,0.12360690534114838,0.9540775418281555,N#Cc1cc(Cl)cc(Oc2c(Cl)ccc(CNC(=O)C3=NC(=O)N=C3Cl)c2F)c1,3.10,453.6,4.62,1,4,5,103.9,0,1,1,1
b1_003,tamgen_b1,0.6149594187736511,0.48390892148017883,0.9569241404533386,Cc1c(Sc2ccc(C(F)(F)F)cc2)sc2c1C(N)NC(=N)N2,3.95,358.4,4.13,4,4,2,73.9,1,1,1,0
b2_051,tamgen_b2,0.6184787154197693,0.5919374227523804,0.9250341653823853,N=c1nc(O)c2ncn([C@H]3C[C@H](O)[C@@H](COP(=O)(O)CP(=O)(O)NP(=O)(O)O)O3)c2[nH]1,5.18,504.2,-1.38,9,10,8,273.4,1,0,0,0
b1_144,tamgen_b1,0.6219850182533264,0.3104158639907837,0.9578123092651367,Cn1cc(-c2cccc(C(F)(F)F)c2)c2sc(C(N)=NC3CCS(=O)(=O)CC3)c(C3CC3)c2c1=O,3.37,523.6,4.45,1,5,4,94.5,1,0,1,0
b1_088,tamgen_b1,0.622276246547699,0.28379523754119873,0.9372110366821289,N=C(N)c1ccc(CN2CCN(S(=O)(=O)c3cc4ccc(Cl)cc4s3)CC2=O)cc1,2.53,463.0,2.87,2,5,5,107.6,1,1,1,0
b1_071,tamgen_b1,0.6226884722709656,0.3589633107185364,0.9475838541984558,CC(C)n1c(CC[C@@H](O)C[C@@H](O)CC(=O)O)c(-c2ccc(F)cc2)c(-c2ccccc2)c1C(=N)O,3.52,482.6,4.94,5,4,11,126.8,1,1,0,0
r2_024,tamgen_round2,0.6275516748428345,0.3594072461128235,0.9307084083557129,CC(C)N(Cc1ccccc1OCCCCCC(=O)O)C(=O)c1ccc(-c2ccsc2)cc1,2.31,465.6,6.49,1,4,12,66.8,1,0,0,0
b2_162,tamgen_b2,0.6314866542816162,0.046760015189647675,0.9481711387634277,O=C1[C@@H](NS(=O)(=O)c2ccc3cc(Cl)ccc3c2)CCN1c1ccc([C@H]2CCCN2)c(F)c1F,3.47,506.0,4.28,2,4,5,78.5,0,0,1,0
b1_004,tamgen_b1,0.6365558505058289,0.48812544345855713,0.932046115398407,CN1CCN(c2ccc(C3C=NC4=Nc5cnc(C(=O)O)cc5C4=C3)cc2)C(=O)C1,3.83,401.4,2.35,1,6,3,98.5,0,1,1,1
b1_121,tamgen_b1,0.6382360458374023,0.13127008080482483,0.9199404120445251,CC(C)(O)C1CCN(Cc2ccc3c(n2)C(N2CCOCC2)NC(c2cnc(=N)[nH]c2)=N3)CC1,4.16,466.6,1.28,4,9,5,125.7,0,1,1,1
b2_117,tamgen_b2,0.6403561234474182,0.31734567880630493,0.9423061609268188,CS(=O)(=O)N1C[C@H](C(=O)Nc2ccc(Cl)cc2)[C@@H](C(O)=Nc2ccc(-n3cccc(O)c3=O)cc2F)C1,3.72,549.0,3.07,3,6,6,141.3,1,0,0,0
b1_060,tamgen_b1,0.6484636068344116,0.2861348092556,0.9362263679504395,CN1CCN(c2ccc(C3C=NC4=Nc5cnc(C(=O)N6CC[C@@H](N(C)C)C6)cc5C4=C3)cc2)CC1,4.03,483.6,2.90,0,7,4,67.6,1,1,1,0
r2_063,tamgen_round2,0.6513286232948303,0.24175825715065002,0.9334084391593933,CC(C)N(Cc1ccccc1OCCCCCCC(=O)O)C(=O)c1ccc(-c2ccoc2)cc1,2.39,463.6,6.41,1,4,13,80.0,1,0,0,0
r2_066,tamgen_round2,0.6611392498016357,0.2512260973453522,0.9444987177848816,C[C@@H](C(=O)N1CCOCC1)N1CC[C@H](NS(=O)(=O)c2nc(-c3ccc(Cl)s3)n[nH]2)C1,3.71,475.0,0.79,2,8,6,120.5,0,1,1,1
b1_031,tamgen_b1,0.6647722721099854,0.18154224753379822,0.9363166689872742,CC(O)=Nc1cc(Nc2cc(NC3CC3)n3ncc(C#N)c3n2)ccc1N(C)CCN(C)C(=O)N(C)C,3.46,504.6,3.58,3,8,9,137.4,1,0,1,0
b1_066,tamgen_b1,0.6694284081459045,0.09991687536239624,0.9518725275993347,CC(=O)N1CCN(c2cccc(-c3cc(-c4ccnn4C4CCOCC4)c4c(N)ncnn34)c2)C(=O)C1(C)C,3.39,528.6,3.17,1,7,4,123.9,0,0,1,0
b2_019,tamgen_b2,0.6696709990501404,0.2991650700569153,0.9608996510505676,NS(=O)(=O)c1ccc(NC(O)=Nc2c(F)c(F)c(-c3ccccc3)c(F)c2F)cc1,2.68,439.4,4.22,3,3,4,104.8,1,1,1,0
r2_013,tamgen_round2,0.6713250279426575,0.15457430481910706,0.9553661346435547,O=S(=O)(c1ccc(F)cc1)N(CCO)CC(O)=NO,2.54,292.3,0.15,3,5,6,110.4,1,1,1,0
b1_139,tamgen_b1,0.6716240644454956,0.2398347407579422,0.9170501828193665,N#Cc1cc(Cl)cc(Oc2c(Cl)ccc(CN=C(O)C3=NC=NC3Cl)c2F)c1,3.93,439.7,5.30,1,5,5,90.3,1,0,1,0
b2_009,tamgen_b2,0.6767268180847168,0.17672795057296753,0.9081189036369324,COc1ccc(S(=O)(=O)N(Cc2cccnc2)[C@@H](C(O)=NO)C(C)C)cc1,3.01,393.5,2.65,2,6,8,112.3,1,1,1,0
b2_042,tamgen_b2,0.6831154227256775,0.30247762799263,0.9089080691337585,COc1ccc(S(=O)(=O)N(CC(C)C)C[C@@H](O)[C@H](Cc2ccccc2)N=C(O)c2ccc(O)c(O)c2)cc1,3.48,542.7,3.73,4,7,12,139.9,1,0,0,0
b1_057,tamgen_b1,0.6851661801338196,0.1089438945055008,0.8960825204849243,CCn1c(C(=O)N(C2CC2)C2CC2)cc2c3c(ncn3C)c(N=C(O)CN(C)C)nc21,3.42,423.5,2.86,1,5,7,91.8,1,1,1,0
b2_056,tamgen_b2,0.6865538358688354,0.39403074979782104,0.949977695941925,C[C@@H](C(=O)N1CCOCC1)N1CC[C@H](NS(=O)(=O)c2nc(-c3ccc(Cl)s3)n[nH]2)C1=O,3.83,489.0,0.31,2,8,6,137.6,0,1,1,1
b2_028,tamgen_b2,0.6875141859054565,0.202772855758667,0.9522995352745056,CN(C)S(=O)(=O)n1cc(-c2nc(-c3nc(C4(c5ccccc5)CC4)n(C)n3)cnc2N)cn1,3.30,465.5,1.45,1,8,6,137.7,0,1,1,1
b1_064,tamgen_b1,0.7004086971282959,0.0998215302824974,0.9506608843803406,N=C(N)c1ccc([C@H]2[C@H]3C(=O)N(Cc4ccc5c(c4)OCO5)C(=O)[C@H]3[C@@H]3C[C@@H](O)CN32)cc1,4.00,448.5,0.99,3,7,4,129.2,1,1,1,0
r2_039,tamgen_round2,0.708462119102478,0.2735176682472229,0.9461817741394043,COc1cc2c(cc1O)CC[C@@H]1[C@@H]2CC[C@]2(C)[C@@H](OS(N)(O)O)CC[C@@H]12,4.14,383.5,4.18,4,6,3,105.2,0,1,1,1
r2_021,tamgen_round2,0.7158670425415039,0.3160737156867981,0.9270963072776794,CC(C)N(Cc1ccccc1OCCCCCC(=O)O)C(=O)c1ccc(-c2ccccc2)cc1,2.10,459.6,6.43,1,3,12,66.8,1,0,0,0
b2_078,tamgen_b2,0.7175491452217102,0.17199212312698364,0.9555414319038391,CC(C)c1c(S(=O)(=O)N2CCOCC2)c(-c2ccccc2)c(-c2ccc(F)cc2)n1CC[C@@H](O)C[C@@H](O)CC(=O)O,3.53,588.7,4.08,3,6,12,129.3,0,0,0,0
r2_056,tamgen_round2,0.7217537760734558,0.3526945114135742,0.9640348553657532,COc1cc(OC)c(N=C(O)NC2=NCC(C#N)=NC2)cc1Cl,3.61,335.8,1.87,2,6,3,111.6,1,1,1,0
b2_100,tamgen_b2,0.7227504253387451,0.41819798946380615,0.942929208278656,COc1ccc(-c2cn(C)c(=O)c3cc(C(=O)NC4CCS(=O)(=O)CC4)sc23)cc1OC,2.70,476.6,2.59,1,7,5,103.7,0,1,1,1
r2_043,tamgen_round2,0.7250272631645203,0.5517923831939697,0.964500904083252,COc1cc2c(cc1O)CC[C@@H]1[C@@H]2CC[C@]2(C)[C@@H](O)CC[C@@H]12,3.64,302.4,3.62,2,3,1,49.7,0,1,1,1
b1_132,tamgen_b1,0.7307630181312561,0.3530961573123932,0.9355111122131348,CC(O)=Nc1cc(Nc2cc(NC3CC3)n3ncc(C#N)c3n2)ccc1N(C)CCN(C)C(=O)CN(C)C,3.43,518.6,2.98,3,9,11,137.4,1,0,0,0
b2_048,tamgen_b2,0.7333151698112488,0.25211256742477417,0.947047233581543,COC(=O)Nc1ccc(-c2ccnc([C@H](Cc3ccccc3)N=C(O)[C@H]3CC[C@H](CN)CC3)c2)cc1,3.25,486.6,5.93,3,5,8,109.8,1,0,1,0
b1_063,tamgen_b1,0.7399739027023315,0.25459548830986023,0.9576693773269653,Cc1c(S(=O)(=O)N2CCN(C)CC2)c(-c2ccccc2)c(-c2ccc(F)cc2)n1CC[C@@H](O)C[C@@H](O)CC(=O)O,3.49,573.7,3.18,3,6,11,123.3,0,0,0,0
b2_136,tamgen_b2,0.7432566285133362,0.10116556286811829,0.9378190040588379,NS(=O)(=O)c1c(F)c(F)c(S(=O)(=O)CCO)c(N[C@H]2CCc3ccccc32)c1F,3.47,450.5,1.62,3,6,6,126.6,1,1,1,0
tg_002,tamgen_round1,0.7492130398750305,0.2603646516799927,0.9553903937339783,O=S(=O)(c1ccc(-c2ccccc2)cc1)N(CCO)CC(O)=NO,2.33,350.4,1.68,3,5,7,110.4,1,1,1,0
b1_068,tamgen_b1,0.7523767948150635,0.12837457656860352,0.9447264075279236,COc1cc(-c2cn(C)c(=O)c3cnccc23)cc(OC)c1CN(C)C,2.55,353.4,2.68,0,5,5,56.6,0,1,1,1
b2_044,tamgen_b2,0.7539031505584717,0.26838934421539307,0.9644660353660583,NS(=O)(=O)c1c(F)c(F)c(N2CCCCC2)c(F)c1F,2.58,312.3,1.88,1,3,2,63.4,1,1,1,0
r2_059,tamgen_round2,0.7553210854530334,0.281133770942688,0.9665500521659851,COc1cc(OC)c(N=C(O)Nc2cnc(C#N)cn2)cc1Cl,2.93,333.7,2.68,2,6,4,112.6,1,1,1,0
r2_065,tamgen_round2,0.7555469870567322,0.18612061440944672,0.9324188232421875,COc1ccc(OCCCCCC(=O)O)cc1Cc1cnc2[nH]c(=N)[nH]c(=N)c2c1C,3.11,425.5,2.78,5,6,10,147.9,1,1,0,0
tg_012,tamgen_round1,0.7619597911834717,0.5040438771247864,0.9263371825218201,CC(C)[C@H](NS(=O)(=O)c1ccccc1)P(=O)(O)C[C@H](C(=O)O)c1ccccc1,3.35,425.4,3.09,3,4,9,120.8,1,1,1,0
r2_051,tamgen_round2,0.7700628042221069,0.6633357405662537,0.9367557764053345,O=C(O)c1ccc(/C=N/NC2=c3ccccc3=C3C=CC=CC32)cc1,3.46,328.4,2.02,2,3,4,61.7,1,1,1,0
b2_069,tamgen_b2,0.7711469531059265,0.5789057612419128,0.9310498237609863,N=c1nc(O)c2ncn([C@H]3C[C@H](O)[C@@H](COP(=O)(O)NP(=O)(O)CP(=O)(O)O)O3)c2[nH]1,5.16,504.2,-1.38,9,10,8,273.4,1,0,0,0
b2_101,tamgen_b2,0.7718707323074341,0.2457287311553955,0.9439883232116699,COc1ccc(-c2cc3c(C)[nH]c(=N)nc3n([C@H]3CC[C@H](OCCO)CC3)c2=O)cn1,3.16,425.5,2.08,3,7,6,126.1,0,1,1,1
tg_009,tamgen_round1,0.7741788625717163,0.5343284010887146,0.946418285369873,CCCSCc1cc(N)cc2c(O)nc(=N)[nH]c12,3.32,264.4,1.97,4,5,4,98.8,1,1,1,0
b1_036,tamgen_b1,0.7888692617416382,0.3096665143966675,0.9443437457084656,CC(O)=Nc1cc(Nc2cc(NC3=NCN(C)C3)n3ncc(C#N)c3n2)ccc1N(C)CCN(C)C,3.74,489.6,2.66,3,10,8,132.7,1,1,1,0
b1_018,tamgen_b1,0.7935937643051147,0.3302822411060333,0.951722264289856,CC(O)=Nc1cc(Nc2cc(NC3CC3)n3ncc(C#N)c3n2)ccc1N(C)CCN,3.31,419.5,2.92,4,8,8,139.9,1,1,1,0
b1_001,tamgen_b1,0.795729398727417,0.5024330019950867,0.9470311403274536,CN1CCN(c2ccc(C3C=NC4=Nc5cnc(C(=O)O)cc5C4=C3)cc2)CC1,3.66,387.4,2.83,1,6,3,81.4,1,1,1,0
b1_135,tamgen_b1,0.7965914011001587,0.2187018245458603,0.9508423209190369,CN(C)C(=O)c1cccc(C2=CN(C)C(=O)C3=NC=CC23)c1,3.65,295.3,1.79,0,3,2,53.0,0,1,1,1
b1_024,tamgen_b1,0.7970119714736938,0.4517015814781189,0.9651050567626953,Cn1cc(-c2cccc(C(F)(F)F)c2)c2sc(C(N)=NC3CCS(=O)(=O)CC3)cc2c1=O,3.16,483.5,3.57,1,5,3,94.5,1,1,1,0
b2_126,tamgen_b2,0.7989253997802734,0.5990779399871826,0.9368718266487122,CO[C@@H]1[C@@H](OC(=N)O)[C@@H](O)[C@H](Oc2ccc3c(O)c(NC(=O)c4ccc(O)c(C(=O)O)c4)c(=O)oc3c2C)OC1(C)C,4.37,588.5,2.23,7,12,7,238.3,1,0,0,0
b2_023,tamgen_b2,0.7991091012954712,0.2432560920715332,0.9178571701049805,COc1ccc(S(=O)(=O)N(CC(C)C)C[C@@H](O)[C@H](Cc2ccccc2)N=C(O)c2cc(OC)c(OC)c(OC)c2)cc1,3.52,600.7,4.34,2,8,15,127.1,1,0,0,0
r2_025,tamgen_round2,0.8062518835067749,0.619748592376709,0.9500345587730408,COc1cc2c(cc1OC)=C1N=NC(c3ccc(-c4ccc(O)cc4)cc3)=C1C=2,2.85,382.4,3.86,1,5,4,63.4,0,1,1,1
b2_066,tamgen_b2,0.8064783811569214,0.3389110863208771,0.9483534097671509,NS(=O)(=O)N1C[C@H](C(=O)Nc2ccc(Cl)cc2)[C@@H](C(O)=Nc2ccc(-n3ccccc3=O)cc2F)C1,3.68,534.0,2.61,3,5,6,147.1,1,0,0,0
b2_132,tamgen_b2,0.8176615238189697,0.5982367992401123,0.9153105616569519,N=c1nc(O)c2ncn([C@H]3C[C@H](O)[C@@H](COP(=O)(O)CP(=O)(O)CP(=O)(O)O)O3)c2[nH]1,5.07,503.2,-0.84,8,10,8,261.4,1,0,0,0
b2_000,tamgen_b2,0.8213735222816467,0.10041172802448273,0.9551483392715454,NS(=O)(=O)c1c(F)c(F)c(N[C@]23C[C@H]4C[C@H](C[C@H](C4)C2)C3)c(F)c1F,4.14,378.4,3.27,2,3,3,72.2,1,1,1,0
b2_095,tamgen_b2,0.8292474746704102,0.16358935832977295,0.9390272498130798,COc1ccc(S(=O)(=O)N(CC(C)C)C[C@@H](O)[C@H](Cc2ccccc2)N=C(O)O[C@H]2CCO[C@H]3OC[C@H](O)[C@H]32)cc1,4.54,592.7,2.37,3,9,12,147.4,1,0,0,0
r2_037,tamgen_round2,0.8297510147094727,0.4498140811920166,0.9570566415786743,C[C@]12CCc3c(ccc4cc(O)ccc34)[C@@H]1CC[C@@H]2O,3.43,268.4,3.74,2,2,0,40.5,0,1,1,1
b1_022,tamgen_b1,0.8373757004737854,0.10107184946537018,0.9392370581626892,Cc1c(NC(=O)c2ccc(C(C)(C)C)cc2)cccc1-c1cn(C)c(=O)c(=Nc2ccc(C(=O)N3CCOCC3)cc2)[nH]1,2.99,579.7,4.94,2,5,5,108.8,0,0,1,0
b2_123,tamgen_b2,0.8376222848892212,0.1926412433385849,0.8975141644477844,COc1cc(-c2cn(C)c(=O)c3cnccc23)c(OC)c(OC)c1CN(C)C,2.74,383.4,2.69,0,6,6,65.8,0,1,1,1
b1_073,tamgen_b1,0.8382556438446045,0.2199065387248993,0.8910812735557556,CC(C)c1cc(C(C)C)c(S(=O)(=O)N[C@@H](Cc2cccc(C(=N)N)c2)C(=O)N(C)C)c(C(C)C)c1,3.18,500.7,4.32,3,4,10,116.4,1,0,1,0
b2_156,tamgen_b2,0.8418394327163696,0.16147908568382263,0.9618887901306152,NS(=O)(=O)c1ccc(N=C(O)NS(=O)(=O)c2ccc(F)c(C(F)(F)F)c2)cn1,2.98,442.4,1.41,3,6,4,151.8,1,1,0,0
b1_039,tamgen_b1,0.8427760601043701,0.32616907358169556,0.9418627023696899,CN1CCc2nc(C(=O)N3CCN(S(=O)(=O)c4ccc5cc(Cl)ccc5c4)CC3)sc2C1,2.54,491.0,3.08,0,6,3,73.8,0,1,1,1
b2_083,tamgen_b2,0.8491672277450562,0.19438523054122925,0.9640030860900879,NS(=O)(=O)c1ccc(N=C(O)NS(=O)(=O)c2ccc(F)c(F)c2)cn1,2.86,392.4,0.53,3,6,4,151.8,1,1,0,0
b1_049,tamgen_b1,0.8512738943099976,0.4641159474849701,0.9418051838874817,Cc1c(Sc2ccc(OC(F)(F)F)cc2)sc2c1C(N)NC(=N)N2,3.95,374.4,4.01,4,5,3,83.2,1,1,1,0
b2_094,tamgen_b2,0.8521019220352173,0.1448620855808258,0.9410871863365173,Cc1cc(S(=O)(=O)N(Cc2ccc(CN(C)C)cc2)[C@H](C)C(O)=NO)ccc1F,3.08,423.5,3.12,2,5,8,93.4,1,1,1,0
r2_000,tamgen_round2,0.854988694190979,0.5411882996559143,0.955605149269104,N=C(O)Nc1sc(-c2ccc(Cl)cc2)cc1C(O)=N[C@H]1CCCNC1,3.57,378.9,4.03,5,4,4,100.7,1,1,1,0
b2_080,tamgen_b2,0.8563685417175293,0.30811426043510437,0.9291753172874451,COc1ccc2c(c1)c(CC(=O)O)c(C)n2C(=O)c1ccc(Cl)cc1,2.08,357.8,3.93,1,3,4,68.5,0,1,1,1
r2_050,tamgen_round2,0.8623439073562622,0.20382945239543915,0.9449681639671326,CC(C)[C@H]1C(O)=C(C2=NS(=O)(=O)c3ccccc32)C(=O)N1Cc1ccccc1,3.25,396.5,3.06,1,4,4,87.0,0,1,1,1
b2_124,tamgen_b2,0.8651346564292908,0.3322288990020752,0.9366397261619568,COc1ccc(-c2cn(C)c(=O)c3c2S[C@H](C(=O)N2CCN(S(C)(=O)=O)CC2)C3)cc1OC,3.35,493.6,1.19,0,7,5,98.1,0,1,1,1
b1_008,tamgen_b1,0.8672536015510559,0.458316832780838,0.9254516959190369,CN1CCN(c2ccc(C3C=NC4=Nc5cnc(C(=O)O)cc5C4=C3)cc2)C(C)(C)C1=O,4.07,429.5,3.13,1,6,3,98.5,0,1,1,1
b2_125,tamgen_b2,0.8784607648849487,0.20558837056159973,0.9381327033042908,COc1ccc(-c2cn(C)c(=O)c3c2S[C@H](C(=O)N2CCN(S(C)(=O)=O)CC2)C3)c(OC)c1,3.39,493.6,1.19,0,7,5,98.1,0,1,1,1
NAI,round0_known,0.8789101839065552,0.6247870922088623,0.9712617993354797,NC(=O)C1=CN(C=CC1)[C@@H]2O[C@H](CO[P@@](O)(=O)O[P@](O)(=O)OC[C@H]3O[C@H]([C@H](O)[C@@H]3O)n4cnc5c(N)ncnc45)[C@@H](O)[C@H]2O,5.27,665.4,-2.69,8,17,11,317.6,1,0,0,0
b2_052,tamgen_b2,0.8794420957565308,0.26888930797576904,0.8890405893325806,CC(C)[C@H](NS(=O)(=O)c1ccccc1)P(=O)(O)C[C@H](C(=O)O)c1cccc(CN)c1,3.56,454.5,2.54,4,5,10,146.8,1,1,0,0
b2_032,tamgen_b2,0.8891961574554443,0.16892974078655243,0.9137216806411743,COc1ccc(S(=O)(=O)N(CC(C)C)C[C@@H](O)[C@H](Cc2ccccc2)N=C(O)c2cccc(O)c2)cc1,3.41,526.7,4.02,3,6,12,119.7,1,0,0,0
r2_027,tamgen_round2,0.8980318307876587,0.2628244161605835,0.9197813868522644,CC(C)N(Cc1ccccc1OCCCCCC(=O)O)C(=O)c1ccc(-c2ccco2)cc1,2.27,449.5,6.02,1,4,12,80.0,1,0,0,0
b1_134,tamgen_b1,0.899084210395813,0.45338743925094604,0.9469828009605408,CC(O)=Nc1cc(Nc2cc(N(C)C)n3ncc(C#N)c3n2)ccc1N(C)CCN(C)C,3.40,435.5,3.02,2,8,8,108.3,1,1,1,0
b2_120,tamgen_b2,0.9054425954818726,0.09100611507892609,0.922336757183075,CN(C)C(=O)[C@@H]([C@H]1CC[C@H](c2ccc3ncnn3c2)CC1)[C@H](N)C(=O)N1C=C[C@H](F)c2ccccc21,4.42,490.6,3.61,1,5,5,96.8,0,1,1,1
r2_012,tamgen_round2,0.9056817889213562,0.19317463040351868,0.9530019164085388,CS(=O)(=O)Nc1ccc([N+](=O)[O-])cc1OC1CCCCC1,2.19,314.4,2.68,1,5,5,98.5,1,1,1,0
b1_037,tamgen_b1,0.9065954685211182,0.42935603857040405,0.8995575904846191,Cc1c(NC(=O)c2ccc(C(C)(C)C)cc2)cccc1-c1cn(C)c(=O)c(=Nc2ccc(C(=O)N(C)C)cc2)[nH]1,2.94,537.7,5.17,2,4,5,99.6,0,0,1,0
b2_059,tamgen_b2,0.9100022315979004,0.14802350103855133,0.9187399744987488,COC(=O)[C@H](Cc1cccc(C(=N)N)c1)[C@@H](C)NC(=O)c1ccc(-c2ccc(C(=O)O)cc2)cc1,3.03,473.5,3.49,4,5,9,142.6,1,1,0,0
r2_026,tamgen_round2,0.922487735748291,0.2354421615600586,0.955357551574707,O=S(=O)(c1ccc(-c2ccccc2)cc1)N(CCO)CC(O)=NO,2.33,350.4,1.68,3,5,7,110.4,1,1,1,0
b2_121,tamgen_b2,0.9311509132385254,0.33551907539367676,0.923490047454834,CN(C)C(=O)[C@@H]([C@H]1CC[C@H](c2ccc3ncnn3c2)CC1)[C@H](N)C(=O)N1C=C[C@H](c2ccccc2)C1,4.25,486.6,3.17,1,5,6,96.8,0,1,1,1
b2_166,tamgen_b2,0.9315006732940674,0.377490758895874,0.9521002173423767,CC(C)n1c(CC[C@@H](O)C[C@@H](O)CC(=O)O)c(-c2ccc(F)cc2)c2c1C(=O)N(c1ccccc1)CCC2=O,3.64,536.6,4.63,3,5,10,120.1,0,0,1,0
r2_018,tamgen_round2,0.9342690110206604,0.4359230399131775,0.963349461555481,N=C(O)Nc1sc(-c2ccc(Cl)cc2)cc1C(O)=N[C@H]1CCCNC1=O,3.62,392.9,3.56,5,4,4,117.8,1,1,1,0
b1_012,tamgen_b1,0.9349498748779297,0.45934945344924927,0.9511283040046692,CN1CCN(c2ccc(C3C=NC4=Nc5cnc(C(=O)O)cc5C4=C3)cc2)C(C)(C)C1,4.00,415.5,3.61,1,6,3,81.4,0,1,1,1
b2_134,tamgen_b2,0.9403694272041321,0.14175847172737122,0.9109272956848145,NS(=O)(=O)c1ccc(NC(=O)C[C@]23C[C@H]4C[C@H](C[C@H](C4)C2)C3)c(Cl)c1,3.51,382.9,3.53,2,3,4,89.3,0,1,1,1
b2_065,tamgen_b2,0.9482875466346741,0.32341259717941284,0.9560458064079285,CS(=O)(=O)N1C[C@H](C(=O)Nc2ccc(Cl)cc2)[C@@H](C(O)=Nc2ccc(-n3ccccc3=O)c(Cl)c2)C1,3.62,549.4,3.88,2,5,6,121.1,1,0,1,0
b2_060,tamgen_b2,0.9486384987831116,0.3768550753593445,0.9348635077476501,CC(C)[C@H](NS(=O)(=O)c1ccc(-c2ccc(CSc3nc(O)c4c(n3)CC=C4)cc2)cc1)C(O)=NO,3.54,526.6,4.36,4,8,9,145.0,1,0,0,0
r2_069,tamgen_round2,0.9503081440925598,0.19185757637023926,0.9445209503173828,C[C@@H](C(=O)N1CCOCC1)N1CC[C@H](NS(=O)(=O)c2ccc3cc(Cl)ccc3c2)C1,3.07,452.0,2.09,1,5,5,79.0,0,1,1,1
b2_017,tamgen_b2,0.9754427671432495,0.12766635417938232,0.9546851515769958,NS(=O)(=O)c1ccc(NC(O)=Nc2c(F)c(F)c(F)c(F)c2F)c(C(=O)O)c1,2.89,425.3,2.39,4,4,4,142.1,1,1,0,0
b1_084,tamgen_b1,0.9755211472511292,0.3284423351287842,0.9561886787414551,CCN(CC)C(=O)c1c(NC(=O)c2cccs2)sc2c1CC(C)(C)CC2,2.64,390.6,5.06,1,4,5,49.4,0,0,1,0
b2_058,tamgen_b2,0.9832913875579834,0.17865321040153503,0.9349129796028137,COC(=O)[C@H](Cc1cccc(C(=N)N)c1)[C@@H](C)NC(=O)c1ccc(-c2cccc(C(=N)N)c2)cc1,3.18,471.6,3.07,5,5,9,155.1,1,1,0,0
b2_105,tamgen_b2,0.9844189286231995,0.42947354912757874,0.9469658136367798,Cc1c(Sc2ccc(OC(F)(F)F)cc2)sc2c1C(N)NC(=N)N2,3.95,374.4,4.01,4,5,3,83.2,1,1,1,0
tg_003,tamgen_round1,0.9965405464172363,0.43211430311203003,0.9318704009056091,CC(C)N(Cc1ccccc1OCCCCCC(=O)O)C(=O)c1ccc(-c2ccoc2)cc1,2.36,449.5,6.02,1,4,12,80.0,1,0,0,0
r2_022,tamgen_round2,1.0042939186096191,0.16686539351940155,0.940423309803009,C[C@@H](C(=O)N1CCOCC1)N1CC[C@H](NS(=O)(=O)c2cc3cc(Cl)ccc3[nH]2)C1=O,3.48,454.9,0.95,2,5,5,111.8,0,1,1,1
b2_108,tamgen_b2,1.0079251527786255,0.24818982183933258,0.9560341238975525,CC(C)n1c(CC[C@@H](O)C[C@@H](O)CC(=O)O)c(-c2ccc(F)cc2)c(-c2ccc(F)cc2)c1C(=O)O,3.40,501.5,4.90,4,4,11,120.0,0,0,0,0
r2_044,tamgen_round2,1.0087934732437134,0.18146367371082306,0.9430143237113953,C[C@H](N=C(O)CCc1nc(O)c2ccccc2n1)c1ccc(OC(F)(F)F)cc1,3.20,405.4,4.88,2,5,6,87.8,1,1,1,0
r2_068,tamgen_round2,1.0166652202606201,0.18776154518127441,0.9356386065483093,CC(C)N(Cc1ccccc1OCCCCCCC(=O)O)C(=O)c1ccc(-c2ccco2)cc1,2.30,463.6,6.41,1,4,13,80.0,1,0,0,0
b2_037,tamgen_b2,1.0209802389144897,0.2752330005168915,0.9482548832893372,NS(=O)(=O)c1ccc(C(=O)N2CCc3cc(O)c(O)cc3[C@H]2c2cccc(O)c2)cc1,2.84,440.5,2.24,4,6,3,141.2,1,1,0,0
r2_030,tamgen_round2,1.0273191928863525,0.49172449111938477,0.9529382586479187,N=C(O)Nc1sc(-c2ccccc2)cc1C(O)=N[C@H]1CCCNC1,3.54,344.4,3.38,5,4,4,100.7,1,1,1,0
r2_041,tamgen_round2,1.048201560974121,0.22145676612854004,0.9165560603141785,COc1cc2c(cc1OC)[C@@H]1C[C@H](N)[C@@H](c3cccc(CF)c3)CN1CC2,3.49,370.5,3.59,1,4,4,47.7,0,1,1,1
r2_023,tamgen_round2,1.05007803440094,0.3060302734375,0.9404746294021606,CC(C)N(Cc1ccccc1OCCCCCC(=O)O)C(=O)c1ccc(-c2ccoc2)cc1,2.36,449.5,6.02,1,4,12,80.0,1,0,0,0
b2_077,tamgen_b2,1.0513596534729004,0.21004796028137207,0.9407541155815125,COC(=O)[C@H](Cc1cccc(C(=N)N)c1)[C@@H](C)NC(=O)c1ccc(-c2ccc(C(=N)N)cc2)cc1,3.14,471.6,3.07,5,5,9,155.1,1,1,0,0
b2_055,tamgen_b2,1.052083969116211,0.18290838599205017,0.9656087160110474,NS(=O)(=O)c1ccc(N=C(O)NS(=O)(=O)c2ccc(F)cc2)cn1,2.74,374.4,0.39,3,6,4,151.8,1,1,0,0
b2_068,tamgen_b2,1.0604676008224487,0.44937509298324585,0.9491991400718689,COc1ccc(-c2cc(C(F)(F)F)nn2-c2ccc(S(N)(=O)=O)cc2)cc1,2.15,397.4,3.21,1,4,4,87.2,0,1,1,1
r2_057,tamgen_round2,1.0714316368103027,0.4030318260192871,0.9227210879325867,CC(C)[C@H]1C(O)=C(C2=NS(=O)(=O)c3ccccc32)C(=O)N1c1ccccc1,3.30,382.4,3.06,1,4,3,87.0,0,1,1,1
b2_013,tamgen_b2,1.0721431970596313,0.07429921627044678,0.9559082388877869,C[C@@H](C(=O)N(C)C)N(CC(F)(F)F)c1ccc(C#N)c(C(F)(F)F)c1,3.26,367.3,3.42,0,3,4,47.3,0,1,1,1
b2_155,tamgen_b2,1.0750031471252441,0.08571409434080124,0.9144258499145508,CC[C@@H](C(O)=NCc1ccc(C(=N)N)cc1)N(C)C(=O)[C@@H](Cc1ccccc1)NS(=O)(=O)Cc1ccccc1,3.50,549.7,3.40,4,5,13,148.9,1,0,0,0
b2_074,tamgen_b2,1.0778707265853882,0.5432238578796387,0.935420036315918,N=c1nc(O)c2ncn([C@H]3C[C@H](O)[C@@H](COP(=O)=O)O3)c2[nH]1,4.61,329.2,-0.30,4,9,4,163.4,1,1,0,0
b2_085,tamgen_b2,1.0798943042755127,0.4232878088951111,0.9354519248008728,NS(=O)(=O)c1ccc(C(=O)N2CCc3cc(O)c(O)cc3[C@H]2c2ccc(O)cc2)cc1,2.80,440.5,2.24,4,6,3,141.2,1,1,0,0
r2_004,tamgen_round2,1.08669114112854,0.17385467886924744,0.9521018266677856,NS(=O)(=O)c1ccc(CCN=C(O)Cc2ccc(O)c(Cl)c2)cc1,2.45,368.8,2.43,3,4,6,113.0,1,1,1,0
b1_143,tamgen_b1,1.0912590026855469,0.22386610507965088,0.9393523335456848,CC(C)c1ccc(N(C)c2cnc3nc(=N)[nH]c(N)c3c2)c(C(C)C)c1,3.20,350.5,4.03,3,5,4,94.7,0,1,1,1
tg_007,tamgen_round1,1.0945576429367065,0.2591390311717987,0.9317728877067566,CC(C)N(Cc1ccccc1OCCCCCC(=O)O)C(=O)c1ccc(-c2ccco2)cc1,2.27,449.5,6.02,1,4,12,80.0,1,0,0,0
r2_060,tamgen_round2,1.1005234718322754,0.1580144762992859,0.9455155730247498,C[C@@H](C(=O)N1CCOCC1)N1CC[C@H](NS(=O)(=O)c2ccc3cc(Cl)ccc3c2)C1=O,3.20,466.0,1.62,1,5,5,96.0,0,1,1,1
tg_018,tamgen_round1,1.1034398078918457,0.391032874584198,0.9408193826675415,COC(=O)c1c(O)cc(O)c(Cl)c1CCC(O)=Nc1ccccc1,2.68,349.8,3.76,3,5,5,99.4,1,1,1,0
b2_022,tamgen_b2,1.1219639778137207,0.20098383724689484,0.9257192611694336,NS(=O)(=O)c1ccc(C(=O)NCC(F)(F)C(F)(F)C(F)(F)C(F)(F)C(F)(F)C(F)(F)F)cc1,2.78,532.3,3.80,2,3,8,89.3,1,0,1,0
r2_061,tamgen_round2,1.12582528591156,0.22706228494644165,0.9479941725730896,C[C@@H](C(=O)N1CCOCC1)N1CC[C@H](NS(=O)(=O)c2cc3cc(Cl)ccc3s2)C1=O,3.42,472.0,1.68,1,6,5,96.0,0,1,1,1
b2_168,tamgen_b2,1.1329052448272705,0.4668496251106262,0.9493948817253113,C[C@@H](C(=O)N(C)C)N(CC(F)(F)F)c1ccc(-c2cc(C(=O)O)ccn2)cc1,3.01,395.4,3.29,1,4,6,73.7,0,1,1,1
b2_131,tamgen_b2,1.1358134746551514,0.2355114221572876,0.9361977577209473,Cc1cc(S(=O)(=O)N2CCC[C@H]2C(=O)O)c(N)cc1Cl,2.73,318.8,1.47,2,4,3,100.7,1,1,1,0
r2_015,tamgen_round2,1.1362814903259277,0.1781499981880188,0.918559730052948,NS(=O)(=O)c1ccc(CCN=C(O)Cc2ccc(O)cc2)cc1,2.32,334.4,1.78,3,4,6,113.0,1,1,1,0
b2_091,tamgen_b2,1.1508233547210693,0.4093031585216522,0.9532090425491333,Cc1ccc(-c2cc(C(F)(F)F)nn2-c2ccc(S(N)(=O)=O)cc2)cc1,2.14,381.4,3.51,1,3,3,78.0,0,1,1,1
r2_062,tamgen_round2,1.1509134769439697,0.11966006457805634,0.9534225463867188,C[C@@H](C(=O)N1CCOCC1)N1CC[C@H](NS(=O)(=O)/C=C/c2ccc(Cl)s2)C1=O,3.60,448.0,1.14,1,6,6,96.0,0,1,1,1
tg_015,tamgen_round1,1.1574842929840088,0.214162677526474,0.9564916491508484,CC(C)ON(CC(O)=NO)S(=O)(=O)c1ccc2ccccc2c1,2.81,338.4,2.52,2,5,6,99.4,1,1,1,0
b2_046,tamgen_b2,1.160683512687683,0.41637754440307617,0.9443632960319519,COc1ccc2c(c1)cc(C(O)=NS(=O)(=O)c1ccc(C(F)(F)F)cc1)n2CC(=O)O,2.65,456.4,3.45,2,4,6,118.2,1,1,1,0
b1_059,tamgen_b1,1.1632726192474365,0.5194569826126099,0.9206106066703796,CN1CCc2nc(C(=O)N3CCN(S(=O)(=O)c4ccc5cc(Cl)ccc5c4)C[C@@H]3C(=N)N)sc2C1,3.37,533.1,2.39,2,7,4,123.7,1,0,1,0
b2_111,tamgen_b2,1.167919397354126,0.28632837533950806,0.9333171248435974,N=C(O)[C@H](CCC(=O)O)NC(=O)c1ccc2cc(C(F)(F)P(=O)(O)O)ccc2c1,3.21,430.3,2.57,6,4,8,168.0,1,0,0,0
b1_050,tamgen_b1,1.1720472574234009,0.159866064786911,0.9336774945259094,CC(C)N1CCC(NS(=O)(=O)CCNC(=O)c2ccc(Cl)s2)CC1,2.45,394.0,1.92,2,5,7,78.5,0,1,1,1
b1_146,tamgen_b1,1.1774930953979492,0.1673993468284607,0.9207906126976013,Cc1ccc(-c2c(CN)c(CC(C)C)nc(C)c2C(=O)O)c(C)c1,2.48,326.4,4.03,2,3,5,76.2,0,1,1,1
b2_035,tamgen_b2,1.1783920526504517,0.06499014794826508,0.9434306025505066,CN(C)C(=O)[C@@H]([C@H]1CC[C@H](c2ccc3ncnn3c2)CC1)[C@H](N)C(=O)N1CC[C@H](F)C1,4.06,430.5,1.61,1,5,5,96.8,0,1,1,1
b1_085,tamgen_b1,1.178614616394043,0.05427803471684456,0.9605277180671692,N=C(N)c1ccc([C@H]2[C@H]3C(=O)N(Cc4ccc(F)cc4)C(=O)[C@H]3[C@@H]3C[C@@H](O)CN32)cc1,3.84,422.5,1.40,3,5,4,110.7,1,1,1,0
b2_143,tamgen_b2,1.1825977563858032,0.17404566705226898,0.9427973628044128,C[C@@H](C(=O)N1CCOCC1)N1CC[C@H](NS(=O)(=O)c2cc3cc(Cl)ccc3[nH]2)C1=O,3.48,454.9,0.95,2,5,5,111.8,0,1,1,1
b2_033,tamgen_b2,1.2044183015823364,0.0662674605846405,0.9373407363891602,CN(C)C(=O)[C@@H]([C@H]1CC[C@H](c2ccc3ncnn3c2)CC1)[C@H](N)C(=O)N1CCC(F)(F)C1,3.98,448.5,1.90,1,5,5,96.8,0,1,1,1
tg_004,tamgen_round1,1.2044960260391235,0.18140286207199097,0.9301359057426453,Cc1cc(OCC(=O)O)cc(C)c1Cc1ccc(O)c(C(C)C)c1,2.23,328.4,4.19,2,3,6,66.8,0,1,1,1
b2_089,tamgen_b2,1.2098942995071411,0.1176707074046135,0.9163135886192322,NS(=O)(=O)c1ccc(C(=O)NCC(F)(F)C(F)(F)C(F)(F)F)cc1,2.40,382.3,1.90,2,3,5,89.3,1,1,1,0
b2_006,tamgen_b2,1.2128446102142334,0.4364410638809204,0.9502596259117126,CN(C)c1cccc2c(S(=O)(=O)N[C@@H](CC(=N)O)C(=O)O)cccc12,2.97,365.4,1.56,4,5,7,130.8,1,1,1,0
r2_040,tamgen_round2,1.2161967754364014,0.23153145611286163,0.9158045649528503,Cc1cc(OCC(=O)O)cc(C)c1Cc1ccc(O)c(C(C)C)c1,2.23,328.4,4.19,2,3,6,66.8,0,1,1,1
b2_157,tamgen_b2,1.2170277833938599,0.19925132393836975,0.8996491432189941,COc1ccc(S(=O)(=O)N(Cc2cccnc2)[C@@H](C(O)=NO)C(C)(C)C)cc1,3.12,407.5,3.04,2,6,7,112.3,1,1,1,0
r2_019,tamgen_round2,1.2230112552642822,0.4135354161262512,0.9698866009712219,CN(C)c1ccc(C(=O)NN)cc1,1.75,179.2,0.36,2,3,2,58.4,1,1,1,0
b1_091,tamgen_b1,1.2325401306152344,0.33210694789886475,0.9211440086364746,CCN(CC)C(=O)c1c(NC(=O)c2ccc(C(C)(C)C)cc2)sc2c1CC(C)(C)CC2,2.56,440.7,6.29,1,3,5,49.4,0,0,1,0
b1_145,tamgen_b1,1.2356326580047607,0.1960584819316864,0.92324298620224,CCn1c(C(=O)c2cc(C)cc(C#N)c2)c(C(C)C)c(O)c(C(C)C)c1=O,2.89,366.5,4.23,1,4,5,83.1,0,1,1,1
r2_016,tamgen_round2,1.2358007431030273,0.12501288950443268,0.9497586488723755,C[C@H](N=C(O)CCc1nc(O)c2ccccc2n1)c1ccncc1,3.21,322.4,3.38,2,5,5,91.5,1,1,1,0
b1_130,tamgen_b1,1.2397725582122803,0.5400314927101135,0.9468712210655212,CN(C)c1ccc(C(c2ccc(N(C)C)cc2)c2ccc(N(C)C)cc2)cc1,1.83,373.5,5.06,0,3,6,9.7,1,0,1,0
b2_167,tamgen_b2,1.2452964782714844,0.4050898551940918,0.9506527185440063,Cc1ccc(-c2cc(C(F)(F)F)nn2-c2ccc(S(N)(=O)=O)cc2)c(C)c1,2.29,395.4,3.82,1,3,3,78.0,0,1,1,1
b2_154,tamgen_b2,1.2472567558288574,0.4219428300857544,0.9486010670661926,NS(=O)(=O)c1ccc(C(=O)N2CCc3cc(O)c(O)cc3C2)cc1,2.17,348.4,0.94,3,5,2,120.9,1,1,1,0
r2_010,tamgen_round2,1.2573533058166504,0.2049717754125595,0.9456154704093933,Cc1cc(S(=O)(=O)N2CCC[C@H]2C(=O)O)c(N)cc1Cl,2.73,318.8,1.47,2,4,3,100.7,1,1,1,0
b2_158,tamgen_b2,1.2578623294830322,0.1271713525056839,0.9442667961120605,COC(=O)[C@H](Cc1cccc(C(=N)N)c1)[C@@H](C)NC(=O)c1ccc(-c2cccc(CN)c2)cc1,3.10,458.6,3.25,4,5,9,131.3,1,1,1,0
b2_096,tamgen_b2,1.2631587982177734,0.39053112268447876,0.9452863931655884,CS(=O)(=O)N1C[C@H](C(=O)Nc2ccc(Cl)cc2)[C@@H](C(O)=Nc2ccc(-n3ccccc3=O)c(Cl)c2F)C1,3.78,567.4,4.02,2,5,6,121.1,1,0,1,0
b1_089,tamgen_b1,1.2633310556411743,0.032346129417419434,0.9560026526451111,N=C(N)c1ccc([C@H]2[C@H]3C(=O)N(Cc4ccc(F)cc4)[C@H](C(F)F)[C@H]3[C@@H]3CCCN32)c(Cl)c1,4.16,476.9,4.19,2,3,5,73.4,1,1,1,0
b1_102,tamgen_b1,1.268851637840271,0.19747379422187805,0.9520230293273926,CC(C)n1c(CC[C@@H](O)C[C@@H](O)CC(=O)O)c(-c2ccc(F)cc2)c(-c2ccc(F)cc2)c1C(=O)N(C)C,3.49,528.6,4.90,3,4,11,103.0,0,0,0,0
r2_058,tamgen_round2,1.2758262157440186,0.1802237629890442,0.9298564791679382,CC(=O)c1cccc(C(SCCN)(c2ccccc2)c2ccccc2)c1,2.26,361.5,4.87,1,3,7,43.1,1,1,1,0
r2_001,tamgen_round2,1.2770044803619385,0.3643168807029724,0.9482843279838562,CN(C)c1cccc2c(S(=O)(=O)N[C@@H](CC(=N)O)C(=O)O)cccc12,2.97,365.4,1.56,4,5,7,130.8,1,1,1,0
b2_149,tamgen_b2,1.2794747352600098,0.2074146568775177,0.9188178181648254,COC(=O)Nc1ccc(-c2ccnc([C@H](Cc3ccccc3)N=C(O)[C@H]3CC[C@H](C(=O)O)CC3)c2)cc1,3.23,501.6,6.06,3,5,8,121.1,1,0,1,0
r2_036,tamgen_round2,1.3036212921142578,0.22222788631916046,0.9505905508995056,C[C@H](N=C(O)CCC(=O)c1cccs1)c1cccnc1,3.11,288.4,3.82,1,4,6,62.6,1,1,1,0
b2_045,tamgen_b2,1.3037593364715576,0.2489696741104126,0.9605727195739746,CN(C)C(=O)[C@@H](c1ccc(-c2ccc3ncnn3c2)cc1)[C@H](N)C(=O)N1CC[C@H](F)C1,3.79,424.5,1.47,1,5,5,96.8,0,1,1,1
b2_106,tamgen_b2,1.3083584308624268,0.21900799870491028,0.9379842877388,COC(=O)[C@H](Cc1cccc(C(=N)N)c1)[C@@H](C)NC(=O)c1ccc(-c2cccc(C(=O)O)c2)cc1,3.07,473.5,3.49,4,5,9,142.6,1,1,0,0
b2_038,tamgen_b2,1.3110570907592773,0.4376242160797119,0.9145178198814392,NS(=O)(=O)c1ccc(C(=O)N2CCc3cc(O)c(O)cc3[C@H]2c2ccccc2)cc1,2.68,424.5,2.53,3,5,3,120.9,1,1,1,0
b1_042,tamgen_b1,1.3274955749511719,0.30720970034599304,0.931193470954895,CC(C)n1cc(-c2cc(-c3ccc(CN4CCOCC4)cc3)cnc2N)nn1,2.51,378.5,3.00,1,6,5,82.1,0,1,1,1
b1_052,tamgen_b1,1.329770565032959,0.2624029815196991,0.9512581825256348,CC1(C)CC(N=C(S)Nc2ccc(S(N)(=O)=O)cc2Cl)CC(C)(C)N1,3.13,405.0,2.99,4,4,3,96.6,1,1,1,0
b2_001,tamgen_b2,1.3314553499221802,0.3128890097141266,0.9350981116294861,CS(=O)(=O)N1C[C@H](C(=O)Nc2ccc(Cl)cc2)[C@@H](C(O)=Nc2ccc(-n3ccccc3=O)cc2F)C1,3.61,533.0,3.36,2,5,6,121.1,1,0,1,0
b2_118,tamgen_b2,1.3401342630386353,0.234548419713974,0.9538493156433105,C[C@@H](C(=O)N1CCOCC1)N1CC[C@H](NS(=O)(=O)c2cc3cc(Cl)ccc3s2)C1=O,3.42,472.0,1.68,1,6,5,96.0,0,1,1,1
r2_042,tamgen_round2,1.3423748016357422,0.14337977766990662,0.9604031443595886,C[C@H](N=C1N=C(O)[C@@](C)(C(F)(F)F)S1)c1ccccc1F,4.09,320.3,4.27,1,2,2,45.0,1,1,1,0
tg_005,tamgen_round1,1.3490707874298096,0.18502193689346313,0.9596538543701172,CC(=O)c1ccc(C)cc1N[C@H](C(=N)O)c1c(Cl)cccc1Cl,2.98,351.2,5.19,3,3,5,73.2,1,0,1,0
r2_054,tamgen_round2,1.3611773252487183,0.15388527512550354,0.9469912648200989,C[C@@H](C(=O)N1CCOCC1)N1CC[C@H](NS(=O)(=O)c2cc3ccccc3s2)C1=O,3.32,437.5,1.03,1,6,5,96.0,0,1,1,1
b2_036,tamgen_b2,1.363138198852539,0.08194825053215027,0.9276881217956543,CN(C)C(=O)[C@@H]([C@H]1CC[C@H](c2ccc3ncnn3c2)CC1)[C@H](N)C(=O)N1C=C[C@H](F)C1,4.47,428.5,1.73,1,5,5,96.8,0,1,1,1
r2_002,tamgen_round2,1.366060733795166,0.22192969918251038,0.945109486579895,CN(C)c1cccc2c(S(=O)(=O)N[C@@H](CCC(=O)O)C(=O)O)cccc12,2.64,380.4,1.50,3,5,8,124.0,0,1,1,1
b2_005,tamgen_b2,1.3679206371307373,0.14025786519050598,0.9354173541069031,NS(=O)(=O)c1ccc(C(=O)NCC(F)(F)C(F)(F)C(F)(F)C(F)(F)F)cc1,2.52,432.3,2.53,2,3,6,89.3,1,1,1,0
r2_020,tamgen_round2,1.3726816177368164,0.17603084444999695,0.9460440874099731,C[C@@H](C(=O)N1CCOCC1)N1CC[C@H](NS(=O)(=O)c2cc3ccc(Cl)cc3s2)C1=O,3.41,472.0,1.68,1,6,5,96.0,0,1,1,1
tg_016,tamgen_round1,1.3732805252075195,0.17558470368385315,0.9562399983406067,C[C@H](N=C(O)CCC(=O)c1cccs1)c1cccnc1,3.11,288.4,3.82,1,4,6,62.6,1,1,1,0
b1_010,tamgen_b1,1.3770596981048584,0.1753867268562317,0.9231401681900024,CC(=O)N1CCN(c2ccc(CN(C3CCC3)S(=O)(=O)c3ccccc3)c(F)c2)CC1,2.30,445.6,3.24,0,4,6,60.9,1,1,1,0
r2_014,tamgen_round2,1.3787519931793213,0.10863269865512848,0.954535186290741,O=S(=O)(CCc1ccccc1)N1CCC[C@@H]1C(O)=NO,2.92,298.4,1.37,2,4,5,90.2,1,1,1,0
b2_084,tamgen_b2,1.3874609470367432,0.17542926967144012,0.9470492601394653,COc1cc(-c2cc(C)c(=O)n(C)c2)cc(OC)c1CN1CC(O)C1,2.53,344.4,1.55,1,5,5,63.9,0,1,1,1
b2_144,tamgen_b2,1.3944015502929688,0.13181690871715546,0.9353476762771606,CCOCn1c(Cc2cc(C)cc(C)c2)c(C(C)C)c(O)nc1=O,2.84,330.4,3.27,1,4,6,64.3,0,1,1,1
b1_067,tamgen_b1,1.4101996421813965,0.09804001450538635,0.9273446202278137,COc1cc(-c2cn(C)c(=O)c3cnccc23)c(OC)cc1CN(C)C,2.51,353.4,2.68,0,5,5,56.6,0,1,1,1
b2_034,tamgen_b2,1.4155361652374268,0.3415701687335968,0.9441752433776855,CN(C)c1cccc2c(S(=O)(=O)N[C@@H](CCC(=O)O)C(=O)O)cccc12,2.64,380.4,1.50,3,5,8,124.0,0,1,1,1
r2_053,tamgen_round2,1.43142831325531,0.38803717494010925,0.9527592658996582,CC(C)=CCN1Cc2cc(Cl)cc3nc(S)n(c23)C[C@@H]1C,3.74,321.9,4.15,1,3,2,21.1,1,1,1,0
b2_086,tamgen_b2,1.441354513168335,0.13572147488594055,0.9460088610649109,COc1cc(-c2cc(C)c(=O)n(C)c2)cc(OC)c1CN1C[C@H](CO)[C@@H](O)C1,3.41,388.5,1.16,2,6,6,84.2,0,1,1,1
b2_088,tamgen_b2,1.466465950012207,0.30077385902404785,0.9542865753173828,Cc1ccc(S(=O)(=O)N=C(O)Nc2ccc(S(N)(=O)=O)cc2)cc1,2.22,369.4,1.36,3,4,4,138.9,1,1,1,0
b2_002,tamgen_b2,1.468313455581665,0.14698335528373718,0.9210958480834961,NS(=O)(=O)c1ccc(C(=O)NCC(F)(F)C(F)(F)C(F)(F)C(F)(F)C(F)(F)F)cc1,2.65,482.3,3.17,2,3,7,89.3,1,1,1,0
b1_074,tamgen_b1,1.4715933799743652,0.15458089113235474,0.9209532141685486,CC(C)c1cc(C(C)C)c(S(=O)(=O)N[C@@H](Cc2cccc(C(=N)N)c2)C(=N)O)c(C(C)C)c1,3.31,472.7,4.77,5,4,10,140.1,1,1,0,0
b2_008,tamgen_b2,1.4737634658813477,0.18262624740600586,0.9054975509643555,CC(C)[C@H](C(=O)O)N(CCN=C(O)c1ccccc1)S(=O)(=O)c1ccc(-c2ccccc2)cc1,2.93,480.6,4.46,2,4,10,107.3,1,1,1,0
r2_006,tamgen_round2,1.4785351753234863,0.34546658396720886,0.9183063507080078,N[C@@H](CSC(c1ccccc1)(c1ccccc1)c1ccccc1)C(=O)O,2.57,363.5,4.12,2,3,7,63.3,1,1,1,0
b2_014,tamgen_b2,1.479447841644287,0.17338082194328308,0.9560537338256836,NS(=O)(=O)c1ccc(NC(=O)C[C@]23C[C@H]4C[C@H](C[C@H](C4)C2)C3)cc1,3.37,348.5,2.88,2,3,4,89.3,0,1,1,1
b1_014,tamgen_b1,1.4810006618499756,0.10548526048660278,0.9193283319473267,CC(=O)N1CCN(c2ccc(CN(C3CC3)S(=O)(=O)c3ccccc3)c(F)c2)CC1,2.27,431.5,2.85,0,4,6,60.9,1,1,1,0
b2_050,tamgen_b2,1.487521767616272,0.11674223840236664,0.9475827217102051,COc1cc(-c2cn(C)c(=O)c3cnccc23)c(OC)cc1CN(C)C,2.51,353.4,2.68,0,5,5,56.6,0,1,1,1
b2_076,tamgen_b2,1.5045135021209717,0.17485016584396362,0.9507474899291992,COc1ccc(S(=O)(=O)N(CC(C)C)C[C@@H](O)[C@H](Cc2ccccc2)N=C(O)O[C@@H]2C[C@@H]3OCCO[C@@H]3C2)cc1,4.32,576.7,3.19,2,8,12,127.1,1,0,0,0
b1_041,tamgen_b1,1.5081477165222168,0.16467690467834473,0.9444442987442017,CCn1c(C(=O)c2cc(C)cc(C#N)c2)c(C(C)C)c(O)nc1=O,2.85,325.4,2.50,1,5,4,96.0,0,1,1,1
tg_017,tamgen_round1,1.513646125793457,0.2003578245639801,0.9435411691665649,C[C@H](N=C(O)CCc1nc(O)c2ccccc2n1)c1ccccc1,2.99,321.4,3.99,2,4,5,78.6,1,1,1,0
b2_031,tamgen_b2,1.5168428421020508,0.13057295978069305,0.9538071751594543,CC(C)[C@H]1Cc2cc(F)ccc2S(=O)(=O)N(C[C@@H](O)[C@H](Cc2ccccc2)N=C(O)O[C@H]2CCOC2)C1,4.46,534.7,3.34,2,6,8,108.7,1,0,1,0
b2_075,tamgen_b2,1.5309817790985107,0.3677460849285126,0.9078282713890076,N=c1nc(O)c2ncn([C@H]3CC[C@@H](COP(=O)=O)O3)c2[nH]1,4.53,313.2,0.73,3,8,4,143.2,1,1,0,0
b1_033,tamgen_b1,1.5406708717346191,0.26859790086746216,0.9094463586807251,Cc1ccc(-c2c(CN)c(CC(C)C)nc(C)c2C(=O)O)cc1,2.33,312.4,3.72,2,3,5,76.2,0,1,1,1
tg_000,tamgen_round1,1.5626554489135742,0.30604010820388794,0.945076584815979,CC(C)ON(CC(O)=NO)S(=O)(=O)c1ccc(-c2ccccc2)cc1,2.64,364.4,3.03,2,5,7,99.4,1,1,1,0
r2_038,tamgen_round2,1.5632085800170898,0.2721793055534363,0.9521194696426392,C[C@@H](C1CC1)N(C)Cc1nc(O)c2ccccc2n1,2.90,257.3,2.57,1,4,4,49.2,0,1,1,1
b1_065,tamgen_b1,1.5651600360870361,0.06392274051904678,0.9463713765144348,N=C(N)c1ccc([C@H]2[C@H]3C(=O)N(Cc4ccc(F)cc4)[C@H](C(F)F)[C@H]3[C@@H]3CCCN32)cc1,4.04,442.5,3.54,2,3,5,73.4,1,1,1,0
b1_055,tamgen_b1,1.5677326917648315,0.1085001677274704,0.9273894429206848,CC(C)c1cc(C(C)C)c(S(O)(O)O)c(C(C)C)c1,2.67,286.4,5.64,3,3,4,60.7,0,0,1,0
r2_033,tamgen_round2,1.5703024864196777,0.20967456698417664,0.9611421823501587,N#Cc1cnc(NC(O)=Nc2cc(Cl)ccc2O[C@@H]2CCNC2)cn1,3.58,358.8,2.40,3,6,4,115.5,1,1,1,0
r2_048,tamgen_round2,1.6016242504119873,0.1535102128982544,0.9594690203666687,C[C@H](N=C1N=C(O)[C@@](C)(C(F)(F)F)S1)c1ccccc1,3.95,302.3,4.13,1,2,2,45.0,1,1,1,0
r2_031,tamgen_round2,1.623460292816162,0.13289836049079895,0.9408095479011536,C[C@@H]1CN(CC(=O)n2ccc3ccccc32)CCN1,2.89,257.3,1.58,1,3,2,37.3,0,1,1,1
NCT503,round0_known,1.6239304542541504,0.2899117171764374,0.9410605430603027,CC1=CC(=NC(=C1)NC(=S)N2CCN(CC2)CC3=CC=C(C=C3)C(F)(F)F)C,2.30,408.5,4.23,1,3,3,31.4,1,1,1,0
b1_133,tamgen_b1,1.66719388961792,0.17774713039398193,0.9591259360313416,CC(C)[C@H]1Cc2cc(F)ccc2S(=O)(=O)N(C[C@@H](O)[C@H](Cc2ccccc2)N=C(O)NC(C)(C)C)C1,4.25,519.7,3.92,3,4,7,102.2,1,0,1,0
tg_019,tamgen_round1,1.6816880702972412,0.28023087978363037,0.9609163403511047,CN(C)c1ccc(C(=O)O)cn1,1.97,166.2,0.85,1,3,2,53.4,0,1,1,1
b2_104,tamgen_b2,1.68879234790802,0.04904049634933472,0.9478290677070618,CS(=O)(=O)n1cc2c(n1)CN([C@H]1CO[C@H](c3cc(F)c(F)cc3F)[C@@H](N)C1)C2,4.28,416.4,1.28,1,6,3,90.5,1,1,1,0
b1_011,tamgen_b1,1.705078363418579,0.22042116522789001,0.9503834843635559,CC1(C)CC(N=C(S)Nc2ccc(S(N)(=O)=O)cc2Cl)CC(C)(C)N1O,3.28,421.0,3.10,4,5,3,108.0,1,1,1,0
b2_073,tamgen_b2,1.707189917564392,0.18593648076057434,0.9594148993492126,CC(C)[C@H]1Cc2cc(F)ccc2S(=O)(=O)N(C[C@@H](O)[C@H](Cc2ccccc2)N=C(O)NC(C)(C)C)C1,4.25,519.7,3.92,3,4,7,102.2,1,0,1,0
r2_017,tamgen_round2,1.7138117551803589,0.29207390546798706,0.9609646201133728,CN(C)c1ccc(C(=O)O)cn1,1.97,166.2,0.85,1,3,2,53.4,0,1,1,1
b2_103,tamgen_b2,1.719523549079895,0.11431381106376648,0.9318308234214783,CC(C)c1cc(C(C)C)c(S(O)(O)O)c(C(C)C)c1,2.67,286.4,5.64,3,3,4,60.7,0,0,1,0
r2_035,tamgen_round2,1.722524642944336,0.1582137942314148,0.9516076445579529,N=C(O)c1cccc2[nH]c(C(=O)N3CC[C@@H](N)C3)nc12,3.21,273.3,0.62,4,4,2,119.1,1,1,1,0
tg_010,tamgen_round1,1.7378323078155518,0.20421329140663147,0.9437867999076843,COc1cc(Cc2c[nH]c(=N)[nH]c2=N)cc(OC)c1OC,2.98,290.3,0.92,4,5,5,107.0,0,1,1,1
b1_053,tamgen_b1,1.7507710456848145,0.0968833789229393,0.9443274736404419,CN(C)C(=O)N1CC(c2cc(F)ccc2F)C[C@H]1c1ccccc1,3.08,330.4,4.18,0,1,2,23.6,0,1,1,1
r2_005,tamgen_round2,1.7616783380508423,0.08691998571157455,0.9431681632995605,CN(C)C(=O)N1CC(c2cc(F)ccc2F)C[C@H]1c1ccccc1,3.08,330.4,4.18,0,1,2,23.6,0,1,1,1
r2_052,tamgen_round2,1.8114943504333496,0.35767704248428345,0.9353532195091248,O=C(O)c1ccc(/C=N/NC(S)=N[C@@H]2O[C@H](CO)[C@@H](O)[C@H](O)[C@H]2O)cc1,4.12,385.4,-1.61,7,8,5,164.2,1,0,0,0
r2_046,tamgen_round2,1.8133022785186768,0.14629238843917847,0.9464226961135864,C[C@H](N=C1N=C(O)[C@@](C)(C(C)(C)O)S1)c1ccccc1F,4.11,310.4,3.48,2,3,3,65.2,1,1,1,0
r2_045,tamgen_round2,1.8156473636627197,0.2176342010498047,0.8850114941596985,COc1cc(Cc2c[nH]c(=N)[nH]c2=N)cc(OC)c1OC,2.98,290.3,0.92,4,5,5,107.0,0,1,1,1
r2_009,tamgen_round2,1.8161619901657104,0.1528504490852356,0.953823983669281,COc1ccc(S(=O)(=O)N(CC(C)C)C[C@@H](O)NO)cc1,2.89,318.4,0.64,3,6,8,99.1,1,1,1,0
b2_102,tamgen_b2,1.8431940078735352,0.1190626248717308,0.9524171948432922,COc1ccc(S(=O)(=O)N(CC(O)=NO)C[C@H](O)CO)cc1,3.05,334.4,-0.62,4,7,8,139.9,1,1,1,0
r2_055,tamgen_round2,1.8471777439117432,0.2131192982196808,0.9429349303245544,COc1ccc(OCCCCCC(=O)O)cc1Cc1c[nH]c(=N)[nH]c1=N,2.91,360.4,1.92,5,5,10,135.0,1,1,1,0
r2_032,tamgen_round2,1.8655881881713867,0.2301628589630127,0.9351344108581543,COc1ccc(OCCCCC(=O)O)cc1Cc1c[nH]c(=N)[nH]c1=N,2.92,346.4,1.53,5,5,9,135.0,1,1,1,0
r2_011,tamgen_round2,1.86867094039917,0.16319844126701355,0.9586472511291504,COc1ccc(S(=O)(=O)N(CCO)CC(O)=NO)cc1,2.47,304.3,0.02,3,6,7,119.7,1,1,1,0
3PG,round0_known,1.88699209690094,0.48329633474349976,0.944013237953186,OP(=O)(O)OCC(O)C(=O)O,3.34,186.1,-1.46,4,4,4,124.3,1,1,1,0
r2_047,tamgen_round2,1.9058523178100586,0.20397506654262543,0.9582066535949707,C[C@H](N=C1N=C(O)[C@@](C)(C(C)(C)O)S1)c1ccc(F)cc1,4.02,310.4,3.48,2,3,3,65.2,1,1,1,0
tg_013,tamgen_round1,1.9460175037384033,0.2455340325832367,0.9580956697463989,COc1ccc2cc([C@H](C)C(=O)O)ccc2c1,2.21,230.3,3.04,1,2,3,46.5,0,1,1,1
b2_062,tamgen_b2,1.9716119766235352,0.16873857378959656,0.9657374620437622,C[C@H](C(=O)O)c1ccc(-c2ccccc2)c(F)c1,2.16,244.3,3.68,1,1,3,37.3,0,1,1,1
b1_092,tamgen_b1,2.16131591796875,0.2704198658466339,0.9260790944099426,CC1(C)CC(N=C(S)Nc2ccc(S(N)(=O)=O)cc2)CC(C)(C)N1O,3.15,386.5,2.44,4,5,3,108.0,1,1,1,0
b1_113,tamgen_b1,2.2228198051452637,0.133208230137825,0.9381005167961121,N=C(N)c1ccc(CN=C(O)CN=C(O)[C@@H](CO)NS(=O)(=O)Cc2ccccc2)cc1,3.45,447.5,0.86,6,6,11,181.4,1,0,0,0
r2_049,tamgen_round2,2.4721131324768066,0.12081638723611832,0.9162673950195312,C[C@@H]1CN(CC(=O)n2cccc2)CCN1,3.22,207.3,0.42,1,3,2,37.3,0,1,1,1
